-- MySQL dump 10.13  Distrib 5.7.22, for Linux (x86_64)
--
-- Host: localhost    Database: tasensor
-- ------------------------------------------------------
-- Server version	5.7.22-0ubuntu0.16.04.1

/*!40101 SET @OLD_CHARACTER_SET_CLIENT=@@CHARACTER_SET_CLIENT */;
/*!40101 SET @OLD_CHARACTER_SET_RESULTS=@@CHARACTER_SET_RESULTS */;
/*!40101 SET @OLD_COLLATION_CONNECTION=@@COLLATION_CONNECTION */;
/*!40101 SET NAMES utf8 */;
/*!40103 SET @OLD_TIME_ZONE=@@TIME_ZONE */;
/*!40103 SET TIME_ZONE='+00:00' */;
/*!40014 SET @OLD_UNIQUE_CHECKS=@@UNIQUE_CHECKS, UNIQUE_CHECKS=0 */;
/*!40014 SET @OLD_FOREIGN_KEY_CHECKS=@@FOREIGN_KEY_CHECKS, FOREIGN_KEY_CHECKS=0 */;
/*!40101 SET @OLD_SQL_MODE=@@SQL_MODE, SQL_MODE='NO_AUTO_VALUE_ON_ZERO' */;
/*!40111 SET @OLD_SQL_NOTES=@@SQL_NOTES, SQL_NOTES=0 */;

--
-- Table structure for table `sensor`
--

DROP TABLE IF EXISTS `sensor`;
/*!40101 SET @saved_cs_client     = @@character_set_client */;
/*!40101 SET character_set_client = utf8 */;
CREATE TABLE `sensor` (
  `id` int(11) unsigned NOT NULL AUTO_INCREMENT,
  `group_id` int(11) unsigned DEFAULT NULL,
  `user_id` int(11) unsigned NOT NULL,
  `shared_with` int(11) unsigned DEFAULT NULL,
  `sensor_key` varchar(512) NOT NULL,
  `sensor_name` varchar(512) NOT NULL,
  `sensor_description` text,
  `created_on` timestamp NOT NULL DEFAULT CURRENT_TIMESTAMP,
  `last_updated` timestamp NOT NULL DEFAULT CURRENT_TIMESTAMP ON UPDATE CURRENT_TIMESTAMP,
  `temperature_sensor` enum('false','true') DEFAULT 'false',
  `humidity_sensor` enum('false','true') DEFAULT 'false',
  `light_sensor` enum('false','true') DEFAULT 'false',
  `sound_sensor` enum('false','true') DEFAULT 'false',
  `accelerometer_sensor` enum('false','true') DEFAULT 'false',
  PRIMARY KEY (`id`),
  KEY `user_id` (`user_id`),
  KEY `shared_with` (`shared_with`),
  KEY `group_id` (`group_id`),
  CONSTRAINT `FK_sensor_sensor_group` FOREIGN KEY (`group_id`) REFERENCES `sensor_group` (`id`),
  CONSTRAINT `FK_sensor_shared_with_users_id` FOREIGN KEY (`shared_with`) REFERENCES `users` (`id`) ON UPDATE CASCADE,
  CONSTRAINT `FK_sensor_user_id_users_id` FOREIGN KEY (`user_id`) REFERENCES `users` (`id`) ON UPDATE CASCADE
) ENGINE=InnoDB AUTO_INCREMENT=15 DEFAULT CHARSET=latin1;
/*!40101 SET character_set_client = @saved_cs_client */;

--
-- Dumping data for table `sensor`
--

LOCK TABLES `sensor` WRITE;
/*!40000 ALTER TABLE `sensor` DISABLE KEYS */;
INSERT INTO `sensor` VALUES (4,2,4,NULL,'c06617aad44a427cf4ed24549f24b309f241c840','Sensor Node 1','Sensor Node ke 1','2017-02-13 14:19:16','2017-07-19 10:01:45','true','true','true','true','false'),(5,2,4,NULL,'504d6fa1d94a4b5eea1f8019171d34dff2717972','Sensor Node 2','Sensor Node ke 2','2017-02-13 15:45:35','2017-07-19 13:55:28','true','true','true','true','false'),(6,2,4,NULL,'60287baa9734c3f16909b87b2f06c0f6c1916187','Sensor Node 3','Sensor Node ke 3','2017-03-06 13:41:58','2017-07-23 17:54:10','true','true','true','true','false'),(7,3,4,NULL,'16c571188108b0a2c0c133bb7a7a6d81c2961e6e','Sensor Node 4','sensor node in my home','2017-04-10 14:53:42','2017-06-18 12:08:02','true','false','true','false','false'),(10,4,4,NULL,'3fe9c4d59ef72f07e1f0e0bd07408746673c243a','Sensor Uji Coba','Uji Coba Mendaftarkan Sensor Baru','2017-05-02 20:07:17','2017-05-02 20:07:17','true','true','true','true','false'),(11,5,5,NULL,'fe39cca1760687c780f4c5be176adcdd75319421','Water Level 1','','2017-06-12 06:24:20','2017-06-12 06:24:20','true','true','true','true','false'),(12,6,5,NULL,'64f44e1c933dd90074527038a275b22b98f1017b','New Sensor','New Sensor','2017-06-18 13:08:24','2017-06-18 13:08:24','true','true','true','true','false'),(13,2,4,NULL,'9e514eebf8217ada5df33ac593b40369bc5ea750','Android Accelerometer','Accelerometer sensor from Android','2017-07-04 01:28:42','2017-07-19 09:21:24','false','false','false','false','true'),(14,7,4,NULL,'cd5667ea28636ac3a7c8f3e325e06313ade7a6f0','temperature nasdec 1','','2017-12-29 07:43:52','2017-12-29 07:43:52','true','false','false','false','false');
/*!40000 ALTER TABLE `sensor` ENABLE KEYS */;
UNLOCK TABLES;

--
-- Table structure for table `sensor_data`
--

DROP TABLE IF EXISTS `sensor_data`;
/*!40101 SET @saved_cs_client     = @@character_set_client */;
/*!40101 SET character_set_client = utf8 */;
CREATE TABLE `sensor_data` (
  `id` int(255) unsigned NOT NULL AUTO_INCREMENT,
  `sensor_id` int(11) unsigned NOT NULL,
  `temperature_reading` float DEFAULT NULL,
  `humidity_reading` float DEFAULT NULL,
  `light_reading` float DEFAULT NULL,
  `sound_reading` float DEFAULT NULL,
  `testing` timestamp(3) NOT NULL DEFAULT CURRENT_TIMESTAMP(3) ON UPDATE CURRENT_TIMESTAMP(3),
  `timestamp` timestamp(3) NOT NULL DEFAULT '0000-00-00 00:00:00.000',
  `status` varchar(25) DEFAULT NULL,
  `x_reading` varchar(25) DEFAULT NULL,
  `y_reading` varchar(25) DEFAULT NULL,
  `z_reading` varchar(25) DEFAULT NULL,
  `confident_level` float DEFAULT '50',
  PRIMARY KEY (`id`),
  KEY `sensor_id` (`sensor_id`),
  CONSTRAINT `sensor_data_sensor_id_sensor_FK` FOREIGN KEY (`sensor_id`) REFERENCES `sensor` (`id`) ON UPDATE CASCADE
) ENGINE=InnoDB AUTO_INCREMENT=1491 DEFAULT CHARSET=latin1;
/*!40101 SET character_set_client = @saved_cs_client */;

--
-- Dumping data for table `sensor_data`
--

LOCK TABLES `sensor_data` WRITE;
/*!40000 ALTER TABLE `sensor_data` DISABLE KEYS */;
INSERT INTO `sensor_data` VALUES (1,4,24,42,23,32,'2017-05-06 09:50:35.000','2017-05-06 09:50:35.000','INTERNET',NULL,NULL,NULL,50),(79,4,29.37,63,102.74,35.2,'2017-05-15 10:12:48.000','2017-04-10 13:56:56.000','INTERNET',NULL,NULL,NULL,50),(80,5,31.37,61.9,73.74,45.21,'2017-05-15 10:12:48.000','2017-04-10 13:57:50.000','SMS',NULL,NULL,NULL,50),(81,6,28.89,62.23,45.12,10.23,'2017-05-15 10:12:48.000','2017-04-10 13:58:28.000','INTERNET',NULL,NULL,NULL,50),(82,7,26.54,NULL,10.12,NULL,'2017-05-15 10:12:48.000','2017-04-10 14:54:59.000','SMS',NULL,NULL,NULL,50),(83,7,27.67,NULL,26.56,NULL,'2017-05-15 10:12:48.000','2017-04-10 15:42:50.000','INTERNET',NULL,NULL,NULL,50),(84,4,28.21,55,97.78,23.23,'2017-05-15 10:12:48.000','2017-04-10 15:43:22.000','SMS',NULL,NULL,NULL,50),(85,7,25.64,NULL,31.53,NULL,'2017-05-15 10:12:48.000','2017-04-17 20:38:12.000','SMS',NULL,NULL,NULL,50),(86,7,25.64,NULL,31.53,NULL,'2017-05-15 10:12:48.000','2017-05-06 14:18:42.000','SMS',NULL,NULL,NULL,50),(87,6,38.61,51,NULL,NULL,'2017-05-15 10:12:48.000','2017-05-06 14:22:43.000','INTERNET',NULL,NULL,NULL,50),(88,4,38.61,73,36,5,'2017-05-15 10:12:48.000','2017-05-06 14:22:45.000','INTERNET',NULL,NULL,NULL,50),(89,5,34.21,59,19,39,'2017-05-15 10:12:48.000','2017-05-06 14:22:45.000','INTERNET',NULL,NULL,NULL,50),(90,4,37.63,55,29,15,'2017-05-15 10:12:48.000','2017-05-06 14:23:43.000','INTERNET',NULL,NULL,NULL,50),(91,5,48.39,44,23,36,'2017-05-15 10:12:48.000','2017-05-06 14:23:43.000','INTERNET',NULL,NULL,NULL,50),(92,6,36.66,65,43,45,'2017-05-15 10:12:48.000','2017-05-06 14:23:43.000','INTERNET',NULL,NULL,NULL,50),(93,5,37.63,34,81,18,'2017-05-15 10:12:48.000','2017-05-06 14:29:13.000','INTERNET',NULL,NULL,NULL,50),(94,4,38.61,61,5,515,'2017-05-15 10:12:48.000','2017-05-06 14:29:15.000','INTERNET',NULL,NULL,NULL,50),(95,6,36.17,61,5,15,'2017-05-15 10:12:48.000','2017-05-06 14:29:15.000','INTERNET',NULL,NULL,NULL,50),(96,5,40.57,46,20,20,'2017-05-15 10:12:48.000','2017-05-06 14:59:41.000','SMS',NULL,NULL,NULL,50),(97,6,33.72,46,20,20,'2017-05-15 10:12:48.000','2017-05-06 14:59:45.000','SMS',NULL,NULL,NULL,50),(98,4,35.19,59,35,46,'2017-05-15 10:12:48.000','2017-05-06 14:59:35.000','SMS',NULL,NULL,NULL,50),(99,7,25.64,45.25,31.53,32.67,'2017-05-15 10:12:48.000','2017-05-08 14:16:03.000','INTERNET',NULL,NULL,NULL,50),(115,7,35.19,NULL,35,NULL,'2017-05-15 10:44:34.000','2017-05-15 10:44:34.000','INTERNET',NULL,NULL,NULL,50),(116,7,35.19,NULL,35,NULL,'2017-05-15 10:44:39.000','2017-05-15 10:44:39.000','INTERNET',NULL,NULL,NULL,50),(117,7,35.19,NULL,35,NULL,'2017-05-15 10:44:44.000','2017-05-15 10:44:44.000','INTERNET',NULL,NULL,NULL,50),(119,7,35.19,NULL,35,NULL,'2017-05-15 10:45:30.000','2017-05-15 10:45:30.000','INTERNET',NULL,NULL,NULL,50),(120,7,35.19,NULL,35,NULL,'2017-05-15 10:45:35.000','2017-05-15 10:45:35.000','INTERNET',NULL,NULL,NULL,50),(121,7,35.19,NULL,35,NULL,'2017-05-15 10:45:41.000','2017-05-15 10:45:41.000','INTERNET',NULL,NULL,NULL,50),(122,7,35.19,NULL,35,NULL,'2017-05-15 10:45:46.000','2017-05-15 10:45:46.000','INTERNET',NULL,NULL,NULL,50),(123,7,35.19,NULL,35,NULL,'2017-05-15 10:48:57.000','2017-05-15 10:48:57.000','INTERNET',NULL,NULL,NULL,50),(124,7,35.19,NULL,35,NULL,'2017-05-15 10:49:02.000','2017-05-15 10:49:02.000','INTERNET',NULL,NULL,NULL,50),(126,7,35.19,NULL,35,NULL,'2017-05-15 13:22:28.000','2017-05-15 13:22:28.000','INTERNET',NULL,NULL,NULL,50),(127,7,35.19,NULL,35,NULL,'2017-05-15 13:22:47.000','2017-05-15 13:22:47.000','INTERNET',NULL,NULL,NULL,50),(129,7,35.19,NULL,35,NULL,'2017-05-17 12:55:59.595','2017-05-17 12:55:59.000','INTERNET',NULL,NULL,NULL,50),(130,7,35.19,NULL,35,NULL,'2017-05-17 12:56:29.895','2017-05-17 12:56:29.000','INTERNET',NULL,NULL,NULL,50),(131,7,35.19,NULL,35,NULL,'2017-05-17 12:56:35.094','2017-05-17 12:56:35.000','INTERNET',NULL,NULL,NULL,50),(132,7,35.19,NULL,35,NULL,'2017-05-17 12:56:40.207','2017-05-17 12:56:40.000','INTERNET',NULL,NULL,NULL,50),(133,7,35.19,NULL,35,NULL,'2017-05-17 12:56:45.393','2017-05-17 12:56:45.000','INTERNET',NULL,NULL,NULL,50),(134,7,35.19,NULL,35,NULL,'2017-05-17 12:56:50.544','2017-05-17 12:56:50.000','INTERNET',NULL,NULL,NULL,50),(135,7,35.19,NULL,35,NULL,'2017-05-17 12:56:55.750','2017-05-17 12:56:55.000','INTERNET',NULL,NULL,NULL,50),(136,7,35.19,NULL,35,NULL,'2017-05-17 12:57:00.929','2017-05-17 12:57:00.000','INTERNET',NULL,NULL,NULL,50),(137,7,35.19,NULL,35,NULL,'2017-05-17 12:57:06.142','2017-05-17 12:57:06.000','INTERNET',NULL,NULL,NULL,50),(138,7,35.19,NULL,35,NULL,'2017-05-17 12:57:11.295','2017-05-17 12:57:11.000','INTERNET',NULL,NULL,NULL,50),(139,7,31.12,NULL,21.2,NULL,'2017-05-17 23:38:28.002','2017-05-17 23:38:19.000','SMS',NULL,NULL,NULL,50),(140,7,31.12,NULL,21.2,NULL,'2017-05-17 23:39:18.232','2017-05-17 23:39:10.000','SMS',NULL,NULL,NULL,50),(141,7,31.12,NULL,21.2,NULL,'2017-05-17 23:39:23.428','2017-05-17 23:39:11.000','SMS',NULL,NULL,NULL,50),(142,7,31.12,NULL,21.2,NULL,'2017-05-17 23:39:48.592','2017-05-17 23:39:40.000','SMS',NULL,NULL,NULL,50),(143,7,31.12,NULL,21.2,NULL,'2017-05-17 23:40:08.751','2017-05-17 23:40:03.000','SMS',NULL,NULL,NULL,50),(144,7,31.12,NULL,21.2,NULL,'2017-05-17 23:40:53.894','2017-05-17 23:40:48.000','SMS',NULL,NULL,NULL,50),(145,7,31.12,NULL,21.2,NULL,'2017-05-17 23:41:19.038','2017-05-17 23:41:13.000','SMS',NULL,NULL,NULL,50),(146,7,31.12,NULL,21.2,NULL,'2017-05-17 23:41:39.193','2017-05-17 23:41:33.000','SMS',NULL,NULL,NULL,50),(147,7,31.12,NULL,21.2,NULL,'2017-05-17 23:41:59.358','2017-05-17 23:41:50.000','SMS',NULL,NULL,NULL,50),(148,7,31.12,NULL,21.2,NULL,'2017-07-18 22:04:43.836','2017-05-17 23:42:14.000','SMS',NULL,NULL,NULL,82.16),(149,4,33.72,40,33,39,'2017-05-23 01:54:07.921','2017-05-23 01:54:07.000','INTERNET',NULL,NULL,NULL,50),(150,4,34.21,62,42,26,'2017-05-23 01:56:03.589','2017-05-23 01:56:03.000','INTERNET',NULL,NULL,NULL,50),(151,4,33.72,75,8,56,'2017-05-23 01:59:03.558','2017-05-23 01:59:03.000','INTERNET',NULL,NULL,NULL,50),(152,4,39.59,78,15,33,'2017-05-23 02:02:03.583','2017-05-23 02:02:03.000','INTERNET',NULL,NULL,NULL,50),(153,4,34.21,76,29,30,'2017-05-23 02:05:03.562','2017-05-23 02:05:03.000','INTERNET',NULL,NULL,NULL,50),(154,4,34.21,72,26,26,'2017-05-23 02:08:03.580','2017-05-23 02:08:03.000','INTERNET',NULL,NULL,NULL,50),(155,4,33.72,42,14,9,'2017-05-23 02:11:03.561','2017-05-23 02:11:03.000','INTERNET',NULL,NULL,NULL,50),(156,4,33.24,63,6,29,'2017-05-23 02:14:03.554','2017-05-23 02:14:03.000','INTERNET',NULL,NULL,NULL,50),(157,4,34.2,59,28,13,'2017-05-23 03:55:25.742','2017-05-23 02:17:06.000','INTERNET',NULL,NULL,NULL,50),(158,4,34.21,55,29,15,'2017-05-23 02:20:06.727','2017-05-23 02:20:06.000','INTERNET',NULL,NULL,NULL,50),(159,4,39.1,51,37,32,'2017-05-23 02:25:50.833','2017-05-23 02:25:50.000','INTERNET',NULL,NULL,NULL,50),(160,4,34.7,57,18,48,'2017-05-23 02:28:50.782','2017-05-23 02:28:50.000','INTERNET',NULL,NULL,NULL,50),(161,4,31.77,74,70,50,'2017-05-23 02:31:50.755','2017-05-23 02:31:50.000','INTERNET',NULL,NULL,NULL,50),(162,4,38.61,30,16,32,'2017-05-23 02:34:50.769','2017-05-23 02:34:50.000','INTERNET',NULL,NULL,NULL,50),(163,4,38.61,33,50,40,'2017-05-23 02:37:50.771','2017-05-23 02:37:50.000','INTERNET',NULL,NULL,NULL,50),(164,4,31.77,47,42,19,'2017-05-23 02:40:50.770','2017-05-23 02:40:50.000','INTERNET',NULL,NULL,NULL,50),(165,4,31.28,59,9,4,'2017-05-23 02:43:50.767','2017-05-23 02:43:50.000','INTERNET',NULL,NULL,NULL,50),(166,4,34.21,65,61,3,'2017-05-23 02:46:50.791','2017-05-23 02:46:50.000','INTERNET',NULL,NULL,NULL,50),(167,4,36.17,43,18,32,'2017-05-23 02:49:50.803','2017-05-23 02:49:50.000','INTERNET',NULL,NULL,NULL,50),(168,4,38.61,36,41,26,'2017-05-23 02:52:50.831','2017-05-23 02:52:50.000','INTERNET',NULL,NULL,NULL,50),(169,4,34.21,59,64,35,'2017-05-23 02:55:50.744','2017-05-23 02:55:50.000','INTERNET',NULL,NULL,NULL,50),(170,4,40.57,40,78,29,'2017-05-23 02:58:50.798','2017-05-23 02:58:50.000','INTERNET',NULL,NULL,NULL,50),(171,4,36.66,42,26,57,'2017-05-23 03:01:50.843','2017-05-23 03:01:50.000','INTERNET',NULL,NULL,NULL,50),(172,4,34.7,40,70,12,'2017-05-23 03:04:50.896','2017-05-23 03:04:50.000','INTERNET',NULL,NULL,NULL,50),(173,4,31.77,68,20,43,'2017-05-23 03:07:50.820','2017-05-23 03:07:50.000','INTERNET',NULL,NULL,NULL,50),(174,4,39.1,49,62,57,'2017-05-23 03:10:50.791','2017-05-23 03:10:50.000','INTERNET',NULL,NULL,NULL,50),(175,4,34.7,67,44,17,'2017-05-23 03:13:50.832','2017-05-23 03:13:50.000','INTERNET',NULL,NULL,NULL,50),(176,4,34.7,66,39,35,'2017-05-23 03:16:50.715','2017-05-23 03:16:50.000','INTERNET',NULL,NULL,NULL,50),(177,4,34.7,52,59,39,'2017-05-23 03:19:51.212','2017-05-23 03:19:51.000','INTERNET',NULL,NULL,NULL,50),(178,4,37.63,47,73,57,'2017-05-23 03:22:50.900','2017-05-23 03:22:50.000','INTERNET',NULL,NULL,NULL,50),(179,4,34.21,33,5,41,'2017-05-23 03:25:50.715','2017-05-23 03:25:50.000','INTERNET',NULL,NULL,NULL,50),(180,4,41.06,51,6,34,'2017-05-23 03:28:50.819','2017-05-23 03:28:50.000','INTERNET',NULL,NULL,NULL,50),(181,4,34.7,67,19,47,'2017-05-23 03:31:50.813','2017-05-23 03:31:50.000','INTERNET',NULL,NULL,NULL,50),(182,4,34.21,54,23,21,'2017-05-23 03:34:50.803','2017-05-23 03:34:50.000','INTERNET',NULL,NULL,NULL,50),(183,4,31.77,43,11,24,'2017-05-23 03:37:50.880','2017-05-23 03:37:50.000','INTERNET',NULL,NULL,NULL,50),(184,4,42.03,79,22,3,'2017-05-23 03:40:50.819','2017-05-23 03:40:50.000','INTERNET',NULL,NULL,NULL,50),(185,4,39.59,62,24,44,'2017-05-23 03:43:50.795','2017-05-23 03:43:50.000','INTERNET',NULL,NULL,NULL,50),(186,4,34.21,68,21,33,'2017-05-23 03:46:50.812','2017-05-23 03:46:50.000','INTERNET',NULL,NULL,NULL,50),(187,4,35.19,78,89,15,'2017-05-23 03:49:50.782','2017-05-23 03:49:50.000','INTERNET',NULL,NULL,NULL,50),(188,4,35.68,62,74,25,'2017-05-23 03:52:50.660','2017-05-23 03:52:50.000','INTERNET',NULL,NULL,NULL,50),(189,4,35.19,41,38,0,'2017-05-23 03:55:50.794','2017-05-23 03:55:50.000','INTERNET',NULL,NULL,NULL,50),(190,4,37.63,63,70,59,'2017-05-23 03:58:50.789','2017-05-23 03:58:50.000','INTERNET',NULL,NULL,NULL,50),(191,4,35.68,50,13,2,'2017-05-23 04:01:51.176','2017-05-23 04:01:51.000','INTERNET',NULL,NULL,NULL,50),(192,4,34.7,37,79,50,'2017-05-23 04:04:50.775','2017-05-23 04:04:50.000','INTERNET',NULL,NULL,NULL,50),(193,4,34.21,65,28,32,'2017-05-23 04:07:50.799','2017-05-23 04:07:50.000','INTERNET',NULL,NULL,NULL,50),(194,4,39.59,32,38,3,'2017-05-23 04:10:50.861','2017-05-23 04:10:50.000','INTERNET',NULL,NULL,NULL,50),(195,4,39.59,46,3,27,'2017-05-23 04:13:50.787','2017-05-23 04:13:50.000','INTERNET',NULL,NULL,NULL,50),(196,4,40.57,58,48,53,'2017-05-23 04:16:50.825','2017-05-23 04:16:50.000','INTERNET',NULL,NULL,NULL,50),(197,4,34.21,42,86,45,'2017-05-23 04:19:50.862','2017-05-23 04:19:50.000','INTERNET',NULL,NULL,NULL,50),(198,4,37.63,66,81,46,'2017-05-23 04:22:50.797','2017-05-23 04:22:50.000','INTERNET',NULL,NULL,NULL,50),(199,4,35.19,61,74,17,'2017-05-23 04:25:50.817','2017-05-23 04:25:50.000','INTERNET',NULL,NULL,NULL,50),(200,4,31.77,48,53,45,'2017-05-23 04:28:50.864','2017-05-23 04:28:50.000','INTERNET',NULL,NULL,NULL,50),(201,4,31.77,65,42,31,'2017-05-23 04:31:50.795','2017-05-23 04:31:50.000','INTERNET',NULL,NULL,NULL,50),(202,4,42.52,69,0,30,'2017-05-23 04:34:50.681','2017-05-23 04:34:50.000','INTERNET',NULL,NULL,NULL,50),(203,4,32.26,39,63,15,'2017-05-23 04:37:51.288','2017-05-23 04:37:51.000','INTERNET',NULL,NULL,NULL,50),(204,4,35.68,55,56,11,'2017-05-23 04:40:50.793','2017-05-23 04:40:50.000','INTERNET',NULL,NULL,NULL,50),(205,4,36.17,51,87,47,'2017-05-23 04:43:50.827','2017-05-23 04:43:50.000','INTERNET',NULL,NULL,NULL,50),(206,4,37.15,35,34,59,'2017-05-23 04:46:50.875','2017-05-23 04:46:50.000','INTERNET',NULL,NULL,NULL,50),(207,4,36.17,71,63,40,'2017-05-23 04:49:50.796','2017-05-23 04:49:50.000','INTERNET',NULL,NULL,NULL,50),(208,4,37.15,70,19,19,'2017-05-23 04:52:50.694','2017-05-23 04:52:50.000','INTERNET',NULL,NULL,NULL,50),(209,4,40.08,53,54,24,'2017-05-23 04:55:50.826','2017-05-23 04:55:50.000','INTERNET',NULL,NULL,NULL,50),(210,4,29.33,55,29,15,'2017-05-23 06:50:43.918','2017-05-23 06:50:35.000','SMS',NULL,NULL,NULL,50),(211,4,33.72,76,85,43,'2017-05-23 06:53:44.454','2017-05-23 06:53:36.000','SMS',NULL,NULL,NULL,50),(212,4,33.72,77,27,53,'2017-05-23 06:56:44.699','2017-05-23 06:56:35.000','SMS',NULL,NULL,NULL,50),(213,4,28.84,54,19,22,'2017-05-23 06:59:39.836','2017-05-23 06:59:35.000','SMS',NULL,NULL,NULL,50),(214,4,28.84,58,21,41,'2017-05-23 07:02:40.040','2017-05-23 07:02:35.000','SMS',NULL,NULL,NULL,50),(215,4,30.3,47,86,38,'2017-05-23 07:05:40.183','2017-05-23 07:05:35.000','SMS',NULL,NULL,NULL,50),(216,4,29.33,41,31,52,'2017-05-23 07:08:40.314','2017-05-23 07:08:35.000','SMS',NULL,NULL,NULL,50),(217,4,31.77,76,17,21,'2017-05-23 07:11:40.449','2017-05-23 07:11:35.000','SMS',NULL,NULL,NULL,50),(218,4,32.26,49,28,11,'2017-05-23 07:14:40.579','2017-05-23 07:14:35.000','SMS',NULL,NULL,NULL,50),(219,4,25.9,65,73,55,'2017-05-23 07:17:40.712','2017-05-23 07:17:35.000','SMS',NULL,NULL,NULL,50),(220,4,25.42,44,14,52,'2017-05-23 07:20:45.858','2017-05-23 07:20:35.000','SMS',NULL,NULL,NULL,50),(221,4,33.72,58,87,3,'2017-05-23 07:23:45.998','2017-05-23 07:23:35.000','SMS',NULL,NULL,NULL,50),(222,4,26.39,66,70,15,'2017-05-23 07:26:41.511','2017-05-23 07:26:35.000','SMS',NULL,NULL,NULL,50),(223,4,29.33,32,65,16,'2017-05-23 07:29:42.416','2017-05-23 07:29:35.000','SMS',NULL,NULL,NULL,50),(224,4,36.66,45,88,22,'2017-05-23 07:32:42.566','2017-05-23 07:32:35.000','SMS',NULL,NULL,NULL,50),(225,4,29.33,37,65,17,'2017-05-23 07:35:42.707','2017-05-23 07:35:35.000','SMS',NULL,NULL,NULL,50),(226,4,29.33,36,8,26,'2017-05-23 07:38:42.921','2017-05-23 07:38:35.000','SMS',NULL,NULL,NULL,50),(227,4,25.9,42,55,38,'2017-05-23 07:41:43.104','2017-05-23 07:41:36.000','SMS',NULL,NULL,NULL,50),(228,4,25.42,72,82,28,'2017-05-23 07:44:43.225','2017-05-23 07:44:35.000','SMS',NULL,NULL,NULL,50),(229,4,25.42,36,55,50,'2017-05-24 11:31:44.013','2017-05-23 07:47:35.000','SMS',NULL,NULL,NULL,50),(230,4,25.9,41,60,32,'2017-05-23 07:50:43.474','2017-05-23 07:50:35.000','SMS',NULL,NULL,NULL,50),(231,4,32.75,47,13,19,'2017-05-23 07:53:43.751','2017-05-23 07:53:35.000','SMS',NULL,NULL,NULL,50),(232,4,25.42,47,33,36,'2017-05-23 07:56:44.147','2017-05-23 07:56:35.000','SMS',NULL,NULL,NULL,50),(233,4,25.9,73,80,49,'2017-05-23 07:59:44.843','2017-05-23 07:59:35.000','SMS',NULL,NULL,NULL,50),(234,4,29.33,45,27,55,'2017-05-23 08:02:41.013','2017-05-23 08:02:35.000','SMS',NULL,NULL,NULL,50),(235,4,33.24,57,62,17,'2017-05-23 08:05:41.165','2017-05-23 08:05:35.000','SMS',NULL,NULL,NULL,50),(236,4,29.33,78,37,50,'2017-05-23 08:08:46.495','2017-05-23 08:08:35.000','SMS',NULL,NULL,NULL,50),(237,4,33.72,61,19,37,'2017-05-23 08:11:41.662','2017-05-23 08:11:35.000','SMS',NULL,NULL,NULL,50),(238,4,33.72,67,57,20,'2017-05-23 08:14:41.803','2017-05-23 08:14:35.000','SMS',NULL,NULL,NULL,50),(239,4,32.75,74,81,7,'2017-05-23 08:17:41.936','2017-05-23 08:17:35.000','SMS',NULL,NULL,NULL,50),(240,4,31.77,46,17,59,'2017-05-23 08:20:42.091','2017-05-23 08:20:35.000','SMS',NULL,NULL,NULL,50),(241,4,34.21,64,65,32,'2017-05-23 08:23:42.246','2017-05-23 08:23:35.000','SMS',NULL,NULL,NULL,50),(242,4,29.33,66,9,3,'2017-05-23 08:26:42.424','2017-05-23 08:26:36.000','SMS',NULL,NULL,NULL,50),(243,4,28.84,33,82,51,'2017-05-23 08:40:49.244','2017-05-23 08:29:35.000','SMS',NULL,NULL,NULL,50),(244,4,33.24,32,43,37,'2017-05-23 08:40:49.431','2017-05-23 08:32:35.000','SMS',NULL,NULL,NULL,50),(245,4,28.84,72,10,40,'2017-05-23 08:40:49.657','2017-05-23 08:35:35.000','SMS',NULL,NULL,NULL,50),(246,4,33.24,44,35,39,'2017-05-23 08:40:49.871','2017-05-23 08:38:35.000','SMS',NULL,NULL,NULL,50),(247,4,33.72,30,6,23,'2017-05-23 08:41:40.091','2017-05-23 08:41:35.000','SMS',NULL,NULL,NULL,50),(248,4,29.33,74,31,9,'2017-05-23 08:44:41.360','2017-05-23 08:44:35.000','SMS',NULL,NULL,NULL,50),(249,4,34.21,40,61,56,'2017-05-23 08:47:41.550','2017-05-23 08:47:35.000','SMS',NULL,NULL,NULL,50),(250,4,25.42,61,84,12,'2017-05-23 08:50:41.699','2017-05-23 08:50:35.000','SMS',NULL,NULL,NULL,50),(251,4,28.84,40,41,15,'2017-05-23 08:53:41.850','2017-05-23 08:53:35.000','SMS',NULL,NULL,NULL,50),(252,4,36.17,36,8,35,'2017-05-23 08:56:42.077','2017-05-23 08:56:35.000','SMS',NULL,NULL,NULL,50),(253,4,28.35,31,81,42,'2017-05-23 08:59:42.262','2017-05-23 08:59:35.000','SMS',NULL,NULL,NULL,50),(254,4,33.72,62,55,11,'2017-05-23 09:02:47.442','2017-05-23 09:02:36.000','SMS',NULL,NULL,NULL,50),(255,4,25.9,44,46,50,'2017-05-23 09:05:42.595','2017-05-23 09:05:35.000','SMS',NULL,NULL,NULL,50),(256,4,34.7,56,18,5,'2017-05-23 09:08:42.771','2017-05-23 09:08:35.000','SMS',NULL,NULL,NULL,50),(257,4,25.42,33,28,3,'2017-05-23 09:11:42.925','2017-05-23 09:11:35.000','SMS',NULL,NULL,NULL,50),(258,4,33.72,42,14,46,'2017-05-23 09:14:48.094','2017-05-23 09:14:36.000','SMS',NULL,NULL,NULL,50),(259,4,28.35,77,67,34,'2017-05-23 09:17:43.433','2017-05-23 09:17:35.000','SMS',NULL,NULL,NULL,50),(260,4,32.75,49,50,12,'2017-05-23 09:20:41.236','2017-05-23 09:20:35.000','SMS',NULL,NULL,NULL,50),(261,4,29.33,77,66,26,'2017-05-23 09:23:44.723','2017-05-23 09:23:35.000','SMS',NULL,NULL,NULL,50),(262,4,28.35,56,82,7,'2017-05-23 09:26:39.163','2017-05-23 09:26:35.000','SMS',NULL,NULL,NULL,50),(263,4,33.24,31,59,53,'2017-05-23 09:29:42.640','2017-05-23 09:29:35.000','SMS',NULL,NULL,NULL,50),(264,4,23.95,37,12,46,'2017-05-25 10:22:00.126','2017-05-23 09:32:35.000','SMS',NULL,NULL,NULL,50),(265,4,33.24,58,69,32,'2017-05-25 10:22:30.626','2017-05-23 09:35:35.000','SMS',NULL,NULL,NULL,50),(266,4,33.24,44,34,48,'2017-05-25 10:22:58.300','2017-05-23 09:38:35.000','SMS',NULL,NULL,NULL,50),(267,4,35.19,76,23,54,'2017-05-25 10:23:18.384','2017-05-23 09:41:35.000','SMS',NULL,NULL,NULL,50),(268,4,29.81,72,45,1,'2017-05-25 10:23:45.743','2017-05-23 09:44:35.000','SMS',NULL,NULL,NULL,50),(269,4,32.75,47,48,36,'2017-05-25 10:24:09.250','2017-05-23 09:47:35.000','SMS',NULL,NULL,NULL,50),(271,5,28.84,40,33,39,'2017-05-29 10:58:02.715','2017-05-29 10:58:02.000','INTERNET',NULL,NULL,NULL,50),(272,6,28.84,40,33,39,'2017-05-29 10:58:02.717','2017-05-29 10:58:02.000','INTERNET',NULL,NULL,NULL,50),(273,4,28.84,40,33,39,'2017-05-29 10:58:02.720','2017-05-29 10:58:02.000','INTERNET',NULL,NULL,NULL,50),(274,4,31.77,49,84,23,'2017-05-29 11:01:39.355','2017-05-29 11:01:39.000','INTERNET',NULL,NULL,NULL,50),(275,5,31.77,49,84,23,'2017-05-29 11:01:39.363','2017-05-29 11:01:39.000','INTERNET',NULL,NULL,NULL,50),(276,6,31.77,49,84,23,'2017-05-29 11:01:39.363','2017-05-29 11:01:39.000','INTERNET',NULL,NULL,NULL,50),(277,5,29.33,69,50,25,'2017-05-29 11:01:44.065','2017-05-29 11:01:44.000','INTERNET',NULL,NULL,NULL,50),(278,6,29.33,69,50,25,'2017-05-29 11:01:44.067','2017-05-29 11:01:44.000','INTERNET',NULL,NULL,NULL,50),(279,4,29.33,69,50,25,'2017-05-29 11:01:44.072','2017-05-29 11:01:44.000','INTERNET',NULL,NULL,NULL,50),(280,5,31.28,56,63,26,'2017-05-29 11:01:49.213','2017-05-29 11:01:49.000','INTERNET',NULL,NULL,NULL,50),(281,4,31.28,56,63,26,'2017-05-29 11:01:49.216','2017-05-29 11:01:49.000','INTERNET',NULL,NULL,NULL,50),(282,6,31.28,56,63,26,'2017-05-29 11:01:49.226','2017-05-29 11:01:49.000','INTERNET',NULL,NULL,NULL,50),(283,5,28.84,43,80,18,'2017-05-29 11:01:54.140','2017-05-29 11:01:54.000','INTERNET',NULL,NULL,NULL,50),(284,6,28.84,43,80,18,'2017-05-29 11:01:54.152','2017-05-29 11:01:54.000','INTERNET',NULL,NULL,NULL,50),(285,4,28.84,43,80,18,'2017-05-29 11:01:54.153','2017-05-29 11:01:54.000','INTERNET',NULL,NULL,NULL,50),(286,4,28.84,74,60,44,'2017-05-29 11:01:59.305','2017-05-29 11:01:59.000','INTERNET',NULL,NULL,NULL,50),(287,6,28.84,74,60,44,'2017-05-29 11:01:59.309','2017-05-29 11:01:59.000','INTERNET',NULL,NULL,NULL,50),(288,5,28.84,74,60,44,'2017-05-29 11:01:59.310','2017-05-29 11:01:59.000','INTERNET',NULL,NULL,NULL,50),(289,5,26.88,46,34,26,'2017-05-29 11:02:04.182','2017-05-29 11:02:04.000','INTERNET',NULL,NULL,NULL,50),(290,6,26.88,46,34,26,'2017-05-29 11:02:04.183','2017-05-29 11:02:04.000','INTERNET',NULL,NULL,NULL,50),(291,4,26.88,46,34,26,'2017-05-29 11:02:04.183','2017-05-29 11:02:04.000','INTERNET',NULL,NULL,NULL,50),(292,4,25.42,74,43,18,'2017-05-29 11:02:09.470','2017-05-29 11:02:09.000','INTERNET',NULL,NULL,NULL,50),(293,6,25.42,74,43,18,'2017-05-29 11:02:09.481','2017-05-29 11:02:09.000','INTERNET',NULL,NULL,NULL,50),(294,5,25.42,74,43,18,'2017-05-29 11:02:09.489','2017-05-29 11:02:09.000','INTERNET',NULL,NULL,NULL,50),(295,5,31.28,74,70,50,'2017-05-29 11:02:14.282','2017-05-29 11:02:14.000','INTERNET',NULL,NULL,NULL,50),(296,4,31.28,74,70,50,'2017-05-29 11:02:14.283','2017-05-29 11:02:14.000','INTERNET',NULL,NULL,NULL,50),(297,6,31.28,74,70,50,'2017-05-29 11:02:14.283','2017-05-29 11:02:14.000','INTERNET',NULL,NULL,NULL,50),(298,4,33.72,39,43,27,'2017-05-29 11:02:19.422','2017-05-29 11:02:19.000','INTERNET',NULL,NULL,NULL,50),(299,5,33.72,39,43,27,'2017-05-29 11:02:19.423','2017-05-29 11:02:19.000','INTERNET',NULL,NULL,NULL,50),(300,6,33.72,39,43,27,'2017-05-29 11:02:19.428','2017-05-29 11:02:19.000','INTERNET',NULL,NULL,NULL,50),(301,4,31.77,65,37,32,'2017-05-29 11:02:24.388','2017-05-29 11:02:24.000','INTERNET',NULL,NULL,NULL,50),(302,6,31.77,65,37,32,'2017-05-29 11:02:24.389','2017-05-29 11:02:24.000','INTERNET',NULL,NULL,NULL,50),(303,5,31.77,65,37,32,'2017-05-29 11:02:24.392','2017-05-29 11:02:24.000','INTERNET',NULL,NULL,NULL,50),(304,5,27.86,69,47,45,'2017-05-29 11:02:29.542','2017-05-29 11:02:29.000','INTERNET',NULL,NULL,NULL,50),(305,6,27.86,69,47,45,'2017-05-29 11:02:29.545','2017-05-29 11:02:29.000','INTERNET',NULL,NULL,NULL,50),(306,4,27.86,69,47,45,'2017-05-29 11:02:29.547','2017-05-29 11:02:29.000','INTERNET',NULL,NULL,NULL,50),(307,6,28.84,76,85,43,'2017-05-29 11:02:34.439','2017-05-29 11:02:34.000','INTERNET',NULL,NULL,NULL,50),(308,4,28.84,76,85,43,'2017-05-29 11:02:34.440','2017-05-29 11:02:34.000','INTERNET',NULL,NULL,NULL,50),(309,5,28.84,76,85,43,'2017-05-29 11:02:34.440','2017-05-29 11:02:34.000','INTERNET',NULL,NULL,NULL,50),(310,4,28.84,31,29,3,'2017-05-29 20:53:55.053','2017-05-29 20:53:53.000','SMS',NULL,NULL,NULL,50),(312,6,29.53,34,31,1,'2017-05-30 01:03:32.551','2017-05-30 00:52:44.000','SMS',NULL,NULL,NULL,50),(313,5,29.16,74,34,54,'2017-05-30 01:04:01.301','2017-05-30 00:38:44.000','SMS',NULL,NULL,NULL,50),(314,4,29.73,46,19,52,'2017-05-30 00:53:07.396','2017-05-30 00:38:44.000','SMS',NULL,NULL,NULL,50),(315,6,27.92,45,7,28,'2017-05-30 00:53:11.521','2017-05-30 00:40:11.000','SMS',NULL,NULL,NULL,50),(316,5,27.26,45,73,58,'2017-05-30 00:53:15.348','2017-05-30 00:40:11.000','SMS',NULL,NULL,NULL,50),(317,4,28.35,61,37,13,'2017-05-30 00:53:19.611','2017-05-30 00:40:11.000','SMS',NULL,NULL,NULL,50),(318,6,29.67,54,71,14,'2017-05-30 00:53:24.429','2017-05-30 00:41:28.000','SMS',NULL,NULL,NULL,50),(319,5,27.6,49,16,53,'2017-05-30 00:53:29.661','2017-05-30 00:41:28.000','SMS',NULL,NULL,NULL,50),(320,4,28.93,42,9,53,'2017-05-30 00:53:37.234','2017-05-30 00:41:28.000','SMS',NULL,NULL,NULL,50),(321,6,27.64,47,1,25,'2017-05-30 00:53:45.105','2017-05-30 00:42:11.000','SMS',NULL,NULL,NULL,50),(322,5,27.43,37,53,25,'2017-05-30 00:53:48.701','2017-05-30 00:42:11.000','SMS',NULL,NULL,NULL,50),(323,4,29,64,3,25,'2017-05-30 00:53:52.830','2017-05-30 00:42:11.000','SMS',NULL,NULL,NULL,50),(324,6,27.56,72,40,45,'2017-05-30 00:54:02.345','2017-05-30 00:42:43.000','SMS',NULL,NULL,NULL,50),(325,5,28.66,69,62,33,'2017-05-30 00:54:06.534','2017-05-30 00:42:43.000','SMS',NULL,NULL,NULL,50),(326,4,28.23,78,5,54,'2017-05-30 00:54:10.827','2017-05-30 00:42:43.000','SMS',NULL,NULL,NULL,50),(327,5,27.81,51,6,51,'2017-05-30 00:54:17.755','2017-05-30 00:43:12.000','SMS',NULL,NULL,NULL,50),(328,4,29.96,41,67,45,'2017-05-30 00:54:22.208','2017-05-30 00:43:12.000','SMS',NULL,NULL,NULL,50),(329,6,27.68,57,58,10,'2017-05-30 00:54:26.848','2017-05-30 00:43:12.000','SMS',NULL,NULL,NULL,50),(330,4,28.5,42,59,29,'2017-05-30 00:54:31.328','2017-05-30 00:44:35.000','SMS',NULL,NULL,NULL,50),(331,5,27.98,41,4,47,'2017-05-30 00:54:35.443','2017-05-30 00:44:35.000','SMS',NULL,NULL,NULL,50),(332,6,28.03,67,62,48,'2017-05-30 00:54:39.565','2017-05-30 00:44:35.000','SMS',NULL,NULL,NULL,50),(333,4,27.88,74,88,55,'2017-05-30 00:54:44.482','2017-05-30 00:44:58.000','SMS',NULL,NULL,NULL,50),(334,5,29.13,52,77,17,'2017-05-30 00:54:48.728','2017-05-30 00:44:58.000','SMS',NULL,NULL,NULL,50),(335,6,29.96,34,68,56,'2017-05-30 00:54:54.578','2017-05-30 00:44:58.000','SMS',NULL,NULL,NULL,50),(336,4,29.21,80,71,38,'2017-05-30 00:54:59.158','2017-05-30 00:45:36.000','SMS',NULL,NULL,NULL,50),(337,5,27.93,77,51,16,'2017-05-30 00:55:03.759','2017-05-30 00:45:36.000','SMS',NULL,NULL,NULL,50),(338,6,28.09,49,45,9,'2017-05-30 00:55:11.035','2017-05-30 00:45:36.000','SMS',NULL,NULL,NULL,50),(339,4,29.37,31,27,26,'2017-05-30 00:55:16.447','2017-05-30 00:46:04.000','SMS',NULL,NULL,NULL,50),(340,5,29.26,52,87,16,'2017-05-30 00:55:20.816','2017-05-30 00:46:04.000','SMS',NULL,NULL,NULL,50),(341,6,28.16,49,64,0,'2017-05-30 00:55:24.435','2017-05-30 00:46:04.000','SMS',NULL,NULL,NULL,50),(342,4,28.5,60,66,58,'2017-05-30 00:55:30.867','2017-05-30 00:46:19.000','SMS',NULL,NULL,NULL,50),(343,5,27.48,38,27,29,'2017-05-30 00:55:35.224','2017-05-30 00:46:19.000','SMS',NULL,NULL,NULL,50),(344,6,27.73,43,57,0,'2017-05-30 00:55:40.744','2017-05-30 00:46:19.000','SMS',NULL,NULL,NULL,50),(345,4,27.51,40,81,22,'2017-05-30 00:55:44.616','2017-05-30 00:46:42.000','SMS',NULL,NULL,NULL,50),(346,5,27.94,56,26,0,'2017-05-30 00:55:51.037','2017-05-30 00:46:42.000','SMS',NULL,NULL,NULL,50),(347,6,27.98,60,32,6,'2017-05-30 00:55:56.008','2017-05-30 00:46:42.000','SMS',NULL,NULL,NULL,50),(348,4,28.4,44,58,27,'2017-05-30 00:57:45.979','2017-05-30 00:47:08.000','SMS',NULL,NULL,NULL,50),(349,5,29.85,50,49,36,'2017-05-30 00:56:03.743','2017-05-30 00:47:08.000','SMS',NULL,NULL,NULL,50),(350,6,29.16,31,6,19,'2017-05-30 00:56:12.475','2017-05-30 00:47:08.000','SMS',NULL,NULL,NULL,50),(352,4,29.98,42,24,43,'2017-05-30 01:10:44.126','2017-05-30 01:10:37.000','SMS',NULL,NULL,NULL,50),(353,5,28.15,77,7,6,'2017-05-30 01:10:44.239','2017-05-30 01:10:38.000','SMS',NULL,NULL,NULL,50),(354,6,27.64,59,47,10,'2017-05-30 01:10:44.392','2017-05-30 01:10:38.000','SMS',NULL,NULL,NULL,50),(355,4,27.54,74,14,35,'2017-05-30 01:11:09.779','2017-05-30 01:10:54.000','SMS',NULL,NULL,NULL,50),(356,5,27.64,73,50,28,'2017-05-30 01:11:09.847','2017-05-30 01:10:55.000','SMS',NULL,NULL,NULL,50),(357,6,28.7,32,63,25,'2017-05-30 01:11:09.977','2017-05-30 01:10:55.000','SMS',NULL,NULL,NULL,50),(358,4,29.69,58,42,50,'2017-05-30 01:12:06.331','2017-05-30 01:11:42.000','SMS',NULL,NULL,NULL,50),(359,5,29.11,62,9,36,'2017-05-30 01:12:06.423','2017-05-30 01:11:43.000','SMS',NULL,NULL,NULL,50),(360,6,29.38,52,74,45,'2017-05-30 01:12:06.566','2017-05-30 01:11:43.000','SMS',NULL,NULL,NULL,50),(361,4,28.68,65,25,19,'2017-05-30 01:12:44.967','2017-05-30 01:12:31.000','SMS',NULL,NULL,NULL,50),(362,5,27.37,52,52,0,'2017-05-30 01:12:45.063','2017-05-30 01:12:32.000','SMS',NULL,NULL,NULL,50),(363,6,27.98,49,85,21,'2017-05-30 01:12:45.163','2017-05-30 01:12:32.000','SMS',NULL,NULL,NULL,50),(364,4,27.37,73,27,19,'2017-05-30 01:13:14.105','2017-05-30 01:13:00.000','SMS',NULL,NULL,NULL,50),(365,5,27.11,59,72,18,'2017-05-30 01:13:14.214','2017-05-30 01:13:01.000','SMS',NULL,NULL,NULL,50),(366,6,27.37,72,30,49,'2017-05-30 01:13:14.344','2017-05-30 01:13:01.000','SMS',NULL,NULL,NULL,50),(367,4,29.18,56,40,1,'2017-05-30 01:13:32.140','2017-05-30 01:13:23.000','SMS',NULL,NULL,NULL,50),(368,5,28.14,65,16,56,'2017-05-30 01:13:32.222','2017-05-30 01:13:24.000','SMS',NULL,NULL,NULL,50),(369,6,28.97,65,83,47,'2017-05-30 01:13:32.365','2017-05-30 01:13:24.000','SMS',NULL,NULL,NULL,50),(370,4,27.72,58,76,48,'2017-05-30 01:13:50.584','2017-05-30 01:13:40.000','SMS',NULL,NULL,NULL,50),(371,5,28.62,47,8,0,'2017-05-30 01:13:50.688','2017-05-30 01:13:41.000','SMS',NULL,NULL,NULL,50),(372,6,28.7,47,26,39,'2017-05-30 01:13:50.787','2017-05-30 01:13:41.000','SMS',NULL,NULL,NULL,50),(373,4,27.61,32,84,42,'2017-05-30 01:14:14.184','2017-05-30 01:14:05.000','SMS',NULL,NULL,NULL,50),(374,5,28.25,47,11,50,'2017-05-30 01:14:14.281','2017-05-30 01:14:06.000','SMS',NULL,NULL,NULL,50),(375,6,28.28,60,47,43,'2017-05-30 01:14:14.382','2017-05-30 01:14:07.000','SMS',NULL,NULL,NULL,50),(376,4,28.84,46,45,21,'2017-05-30 01:14:39.735','2017-05-30 01:14:22.000','SMS',NULL,NULL,NULL,50),(377,5,29.67,30,46,27,'2017-05-30 01:14:39.822','2017-05-30 01:14:23.000','SMS',NULL,NULL,NULL,50),(378,6,29.88,71,88,42,'2017-05-30 01:14:39.954','2017-05-30 01:14:24.000','SMS',NULL,NULL,NULL,50),(379,4,28.13,63,55,34,'2017-05-30 01:14:53.787','2017-05-30 01:14:45.000','SMS',NULL,NULL,NULL,50),(380,5,29.56,39,37,53,'2017-05-30 01:14:53.874','2017-05-30 01:14:46.000','SMS',NULL,NULL,NULL,50),(381,6,28.9,77,89,51,'2017-05-30 01:14:54.015','2017-05-30 01:14:47.000','SMS',NULL,NULL,NULL,50),(382,4,28.66,68,82,22,'2017-05-30 01:15:13.434','2017-05-30 01:15:06.000','SMS',NULL,NULL,NULL,50),(383,5,29.95,78,59,38,'2017-05-30 01:15:13.531','2017-05-30 01:15:06.000','SMS',NULL,NULL,NULL,50),(384,6,29.33,38,6,52,'2017-05-30 01:15:13.651','2017-05-30 01:15:06.000','SMS',NULL,NULL,NULL,50),(391,4,27.3,42,35,50,'2017-06-18 12:33:07.785','2017-06-18 12:08:42.000','SMS',NULL,NULL,NULL,50),(392,5,28.82,65,61,24,'2017-07-18 22:04:06.622','2017-06-18 12:08:42.000','SMS',NULL,NULL,NULL,71.83),(393,6,28.11,76,63,26,'2017-07-18 22:03:53.742','2017-06-18 12:08:42.000','SMS',NULL,NULL,NULL,91.73),(394,4,28.84,31,29,3,'2017-06-18 13:01:06.846','2017-06-18 12:40:26.000','SMS',NULL,NULL,NULL,50),(395,4,28.84,31,29,3,'2017-06-18 12:59:04.252','2017-06-18 12:57:26.000','SMS',NULL,NULL,NULL,50),(396,13,NULL,NULL,NULL,NULL,'2017-07-18 22:03:21.715','2017-07-04 01:34:15.000','INTERNET','-0.012331','0.1784','9.8936',73.42),(397,13,NULL,NULL,NULL,NULL,'2017-07-18 22:03:26.104','2017-07-04 07:08:07.000','INTERNET','-0.7999533','3.9192963','8.172401',83.57),(398,13,NULL,NULL,NULL,NULL,'2017-07-18 22:03:32.522','2017-07-04 07:19:16.000','INTERNET','-1.7863644','2.5115058','9.043891',56.67),(399,13,NULL,NULL,NULL,NULL,'2017-07-18 22:03:13.719','2017-07-05 03:17:13.000','INTERNET','-0.23492168','2.8371172','8.871509',87.243),(400,4,25.69,51.45,51.69,17.94,'2017-07-10 10:54:11.108','2017-07-10 10:54:11.000','INTERNET',NULL,NULL,NULL,50),(401,4,26.95,55.09,36.85,31.2,'2017-07-10 10:54:18.568','2017-07-10 10:54:18.000','INTERNET',NULL,NULL,NULL,50),(402,4,25.63,44.6,28.75,51.86,'2017-07-10 15:29:18.727','2017-07-10 15:29:18.000','INTERNET',NULL,NULL,NULL,50),(403,4,26.91,64.08,64.52,54.55,'2017-07-10 15:32:18.235','2017-07-10 15:32:18.000','INTERNET',NULL,NULL,NULL,50),(404,4,25.72,49.32,24.32,63.17,'2017-07-10 15:35:18.081','2017-07-10 15:35:18.000','INTERNET',NULL,NULL,NULL,50),(405,4,26.75,58.93,43.83,18.02,'2017-07-10 15:38:18.073','2017-07-10 15:38:18.000','INTERNET',NULL,NULL,NULL,50),(406,4,26.03,48.99,46.97,73.27,'2017-07-10 15:41:18.138','2017-07-10 15:41:18.000','INTERNET',NULL,NULL,NULL,50),(407,4,26.57,62.39,52,34.03,'2017-07-10 15:44:18.636','2017-07-10 15:44:18.000','INTERNET',NULL,NULL,NULL,50),(408,4,26.79,59.34,82.7,31.68,'2017-07-10 15:47:18.103','2017-07-10 15:47:18.000','INTERNET',NULL,NULL,NULL,50),(409,4,26.62,45.78,16.08,37.34,'2017-07-10 15:50:18.084','2017-07-10 15:50:18.000','INTERNET',NULL,NULL,NULL,50),(410,4,26.12,56.58,22.04,37.53,'2017-07-10 15:53:18.089','2017-07-10 15:53:18.000','INTERNET',NULL,NULL,NULL,50),(411,4,25.85,44.47,75.76,62.41,'2017-07-10 15:56:18.773','2017-07-10 15:56:18.000','INTERNET',NULL,NULL,NULL,50),(412,4,26.46,56.94,22.28,65.27,'2017-07-10 15:59:18.039','2017-07-10 15:59:18.000','INTERNET',NULL,NULL,NULL,50),(413,4,25.2,52.47,83.8,11.89,'2017-07-10 16:02:18.089','2017-07-10 16:02:18.000','INTERNET',NULL,NULL,NULL,50),(414,4,26.79,44.35,47.33,15.25,'2017-07-10 16:05:18.085','2017-07-10 16:05:18.000','INTERNET',NULL,NULL,NULL,50),(415,4,25.18,44.81,12.03,39.46,'2017-07-10 16:08:18.105','2017-07-10 16:08:18.000','INTERNET',NULL,NULL,NULL,50),(416,4,26.88,49.03,65.4,68.02,'2017-07-10 16:11:18.584','2017-07-10 16:11:18.000','INTERNET',NULL,NULL,NULL,50),(417,4,26.06,63.71,34.22,36.57,'2017-07-10 16:14:22.516','2017-07-10 16:14:22.000','INTERNET',NULL,NULL,NULL,50),(418,4,26.06,63.71,34.22,36.57,'2017-07-10 16:14:22.655','2017-07-10 16:14:22.000','INTERNET',NULL,NULL,NULL,50),(419,4,26.19,53.97,37.8,35.89,'2017-07-10 16:17:28.141','2017-07-10 16:17:28.000','INTERNET',NULL,NULL,NULL,50),(420,4,25.1,53.68,10.45,8.7,'2017-07-10 16:20:18.531','2017-07-10 16:20:18.000','INTERNET',NULL,NULL,NULL,50),(421,4,26.34,48.66,58.63,54.1,'2017-07-10 16:23:18.213','2017-07-10 16:23:18.000','INTERNET',NULL,NULL,NULL,50),(422,4,25.71,49.11,78.18,44.64,'2017-07-10 16:26:18.163','2017-07-10 16:26:18.000','INTERNET',NULL,NULL,NULL,50),(423,4,25.71,49.11,78.18,44.64,'2017-07-10 16:26:20.646','2017-07-10 16:26:20.000','INTERNET',NULL,NULL,NULL,50),(424,4,25.23,63.41,12.78,33.41,'2017-07-10 16:29:18.216','2017-07-10 16:29:18.000','INTERNET',NULL,NULL,NULL,50),(425,4,26.45,54.59,34.6,25.04,'2017-07-10 16:32:18.190','2017-07-10 16:32:18.000','INTERNET',NULL,NULL,NULL,50),(426,4,25.78,56.04,81.64,14.67,'2017-07-10 16:35:18.116','2017-07-10 16:35:18.000','INTERNET',NULL,NULL,NULL,50),(427,4,26.05,46.47,42.77,73.97,'2017-07-10 16:38:18.117','2017-07-10 16:38:18.000','INTERNET',NULL,NULL,NULL,50),(428,4,26.54,58.33,20.37,23.42,'2017-07-10 16:41:18.353','2017-07-10 16:41:18.000','INTERNET',NULL,NULL,NULL,50),(429,4,25.25,62.74,34.16,74.43,'2017-07-10 16:44:18.546','2017-07-10 16:44:18.000','INTERNET',NULL,NULL,NULL,50),(430,4,26.5,57.96,81.02,37.52,'2017-07-10 16:47:18.132','2017-07-10 16:47:18.000','INTERNET',NULL,NULL,NULL,50),(431,4,26.46,48.39,84.94,60.08,'2017-07-10 16:50:18.114','2017-07-10 16:50:18.000','INTERNET',NULL,NULL,NULL,50),(432,4,25.3,50.43,69.01,26.64,'2017-07-10 16:53:18.181','2017-07-10 16:53:18.000','INTERNET',NULL,NULL,NULL,50),(433,4,25.41,59.86,17.74,31.74,'2017-07-10 16:56:18.146','2017-07-10 16:56:18.000','INTERNET',NULL,NULL,NULL,50),(434,4,26.6,61.73,70.88,59.83,'2017-07-10 16:59:20.957','2017-07-10 16:59:20.000','INTERNET',NULL,NULL,NULL,50),(435,4,26.05,62.11,25.92,22.27,'2017-07-10 17:02:18.174','2017-07-10 17:02:18.000','INTERNET',NULL,NULL,NULL,50),(436,4,26.73,62.71,26.06,41.02,'2017-07-10 17:05:21.884','2017-07-10 17:05:21.000','INTERNET',NULL,NULL,NULL,50),(437,4,26.73,62.71,26.06,41.02,'2017-07-10 17:05:21.918','2017-07-10 17:05:21.000','INTERNET',NULL,NULL,NULL,50),(438,4,26.34,51.92,75.44,54.44,'2017-07-10 17:08:18.140','2017-07-10 17:08:18.000','INTERNET',NULL,NULL,NULL,50),(439,4,26.98,54.91,55.87,59.47,'2017-07-10 17:11:19.284','2017-07-10 17:11:19.000','INTERNET',NULL,NULL,NULL,50),(440,4,26.13,58.36,40.91,33.54,'2017-07-10 17:14:18.219','2017-07-10 17:14:18.000','INTERNET',NULL,NULL,NULL,50),(441,4,25.9,60.81,51.6,60.99,'2017-07-10 17:17:18.355','2017-07-10 17:17:18.000','INTERNET',NULL,NULL,NULL,50),(442,4,25.93,49.98,32.01,11.72,'2017-07-10 17:20:18.148','2017-07-10 17:20:18.000','INTERNET',NULL,NULL,NULL,50),(443,4,26.78,54.34,23.57,51.44,'2017-07-10 17:23:19.159','2017-07-10 17:23:19.000','INTERNET',NULL,NULL,NULL,50),(444,4,26.94,44.76,13.36,35.54,'2017-07-10 17:26:18.170','2017-07-10 17:26:18.000','INTERNET',NULL,NULL,NULL,50),(445,4,26.94,44.76,13.36,35.54,'2017-07-10 17:26:20.959','2017-07-10 17:26:20.000','INTERNET',NULL,NULL,NULL,50),(446,4,26.89,57.47,56.06,18.7,'2017-07-10 17:29:18.245','2017-07-10 17:29:18.000','INTERNET',NULL,NULL,NULL,50),(447,4,26.25,53.24,24.39,59.77,'2017-07-10 17:32:18.116','2017-07-10 17:32:18.000','INTERNET',NULL,NULL,NULL,50),(448,4,26.69,54.3,46.68,66.39,'2017-07-10 17:35:18.305','2017-07-10 17:35:18.000','INTERNET',NULL,NULL,NULL,50),(449,4,26.55,53.46,74.26,33.11,'2017-07-10 17:38:18.129','2017-07-10 17:38:18.000','INTERNET',NULL,NULL,NULL,50),(450,4,26.15,63.72,70.39,28.66,'2017-07-10 17:41:18.142','2017-07-10 17:41:18.000','INTERNET',NULL,NULL,NULL,50),(451,4,26.65,63.01,12.42,25.3,'2017-07-10 17:44:18.199','2017-07-10 17:44:18.000','INTERNET',NULL,NULL,NULL,50),(452,4,25.18,60.82,69.09,45.45,'2017-07-10 17:47:18.800','2017-07-10 17:47:18.000','INTERNET',NULL,NULL,NULL,50),(453,4,25.31,54.6,64.02,26.64,'2017-07-10 17:50:18.340','2017-07-10 17:50:18.000','INTERNET',NULL,NULL,NULL,50),(454,4,25.02,60.89,58.37,56.73,'2017-07-10 17:53:18.180','2017-07-10 17:53:18.000','INTERNET',NULL,NULL,NULL,50),(455,4,25.2,52.32,12.92,30.84,'2017-07-10 17:56:18.202','2017-07-10 17:56:18.000','INTERNET',NULL,NULL,NULL,50),(456,4,25.02,55.47,17.42,50.35,'2017-07-10 17:59:18.169','2017-07-10 17:59:18.000','INTERNET',NULL,NULL,NULL,50),(457,4,26.58,56.82,48.83,16.47,'2017-07-10 18:02:18.185','2017-07-10 18:02:18.000','INTERNET',NULL,NULL,NULL,50),(458,4,25.54,54.48,53.16,60.39,'2017-07-10 18:05:18.157','2017-07-10 18:05:18.000','INTERNET',NULL,NULL,NULL,50),(459,4,26.2,44.85,63.1,74,'2017-07-10 18:08:18.157','2017-07-10 18:08:18.000','INTERNET',NULL,NULL,NULL,50),(460,4,25.72,45.86,12.22,51.67,'2017-07-10 18:11:18.153','2017-07-10 18:11:18.000','INTERNET',NULL,NULL,NULL,50),(461,4,25.56,45.18,18.85,27.99,'2017-07-10 18:14:18.152','2017-07-10 18:14:18.000','INTERNET',NULL,NULL,NULL,50),(462,4,25.2,54.18,17.81,46.4,'2017-07-10 18:17:18.627','2017-07-10 18:17:18.000','INTERNET',NULL,NULL,NULL,50),(463,4,26.05,56.23,30.16,59.45,'2017-07-10 18:20:18.392','2017-07-10 18:20:18.000','INTERNET',NULL,NULL,NULL,50),(464,4,25.95,47.86,54.9,70.75,'2017-07-10 18:23:18.181','2017-07-10 18:23:18.000','INTERNET',NULL,NULL,NULL,50),(465,4,25.13,58,40.4,27.3,'2017-07-10 18:26:18.168','2017-07-10 18:26:18.000','INTERNET',NULL,NULL,NULL,50),(466,4,25.95,48.52,29.69,17.32,'2017-07-10 18:29:18.315','2017-07-10 18:29:18.000','INTERNET',NULL,NULL,NULL,50),(467,4,26.1,64.88,59.53,25.63,'2017-07-10 19:18:25.667','2017-07-10 19:18:25.000','INTERNET',NULL,NULL,NULL,50),(468,4,25.09,52.02,17.73,55.41,'2017-07-10 19:21:25.639','2017-07-10 19:21:25.000','INTERNET',NULL,NULL,NULL,50),(469,4,26.61,44.73,65.07,36.11,'2017-07-10 19:24:25.639','2017-07-10 19:24:25.000','INTERNET',NULL,NULL,NULL,50),(470,4,26.11,56.25,13.87,10.88,'2017-07-10 19:27:25.625','2017-07-10 19:27:25.000','INTERNET',NULL,NULL,NULL,50),(471,4,25.92,47.26,52.25,15.15,'2017-07-10 19:30:25.612','2017-07-10 19:30:25.000','INTERNET',NULL,NULL,NULL,50),(472,4,25.75,51.12,85.16,67.41,'2017-07-10 19:33:25.615','2017-07-10 19:33:25.000','INTERNET',NULL,NULL,NULL,50),(473,4,25.64,55.06,67.54,27.3,'2017-07-10 19:36:25.628','2017-07-10 19:36:25.000','INTERNET',NULL,NULL,NULL,50),(474,4,26.21,58.93,78.24,18.73,'2017-07-10 19:39:25.631','2017-07-10 19:39:25.000','INTERNET',NULL,NULL,NULL,50),(475,4,26.77,58.78,33.36,62.03,'2017-07-10 19:42:25.764','2017-07-10 19:42:25.000','INTERNET',NULL,NULL,NULL,50),(476,4,26.5,50.33,30.16,15.62,'2017-07-10 19:45:25.619','2017-07-10 19:45:25.000','INTERNET',NULL,NULL,NULL,50),(477,4,26.61,61.02,69.7,72.6,'2017-07-10 19:48:25.618','2017-07-10 19:48:25.000','INTERNET',NULL,NULL,NULL,50),(478,4,25.27,44.68,49.16,49.92,'2017-07-10 19:51:25.628','2017-07-10 19:51:25.000','INTERNET',NULL,NULL,NULL,50),(479,4,25.89,49.19,32.77,58.28,'2017-07-10 19:54:25.624','2017-07-10 19:54:25.000','INTERNET',NULL,NULL,NULL,50),(480,4,26.14,44.19,13.71,33.47,'2017-07-10 19:57:25.628','2017-07-10 19:57:25.000','INTERNET',NULL,NULL,NULL,50),(481,4,25.36,53.05,74.01,37.89,'2017-07-10 20:00:25.635','2017-07-10 20:00:25.000','INTERNET',NULL,NULL,NULL,50),(482,4,26.03,63.49,43.46,72.6,'2017-07-10 20:03:25.612','2017-07-10 20:03:25.000','INTERNET',NULL,NULL,NULL,50),(483,4,25.02,59.56,33.23,45.54,'2017-07-10 20:06:25.646','2017-07-10 20:06:25.000','INTERNET',NULL,NULL,NULL,50),(484,4,25.91,44.31,77.59,61.28,'2017-07-10 20:09:25.649','2017-07-10 20:09:25.000','INTERNET',NULL,NULL,NULL,50),(485,4,25.88,55.93,21.99,55.11,'2017-07-10 20:12:25.660','2017-07-10 20:12:25.000','INTERNET',NULL,NULL,NULL,50),(486,4,25.14,61.1,68.2,61.25,'2017-07-10 20:15:25.646','2017-07-10 20:15:25.000','INTERNET',NULL,NULL,NULL,50),(487,4,25.8,51.19,41.57,12.42,'2017-07-10 20:18:25.643','2017-07-10 20:18:25.000','INTERNET',NULL,NULL,NULL,50),(488,4,25.23,54,54.66,70.45,'2017-07-10 20:21:25.627','2017-07-10 20:21:25.000','INTERNET',NULL,NULL,NULL,50),(489,4,26.92,52.5,78.7,63.86,'2017-07-10 20:24:25.655','2017-07-10 20:24:25.000','INTERNET',NULL,NULL,NULL,50),(490,4,26.72,44.16,30.19,43.48,'2017-07-10 20:27:25.642','2017-07-10 20:27:25.000','INTERNET',NULL,NULL,NULL,50),(491,4,25.73,54.06,24.16,47.63,'2017-07-10 20:30:25.606','2017-07-10 20:30:25.000','INTERNET',NULL,NULL,NULL,50),(492,4,26.32,45.36,29.98,46.43,'2017-07-10 20:33:25.656','2017-07-10 20:33:25.000','INTERNET',NULL,NULL,NULL,50),(493,4,25.22,47.17,67.21,43.95,'2017-07-10 20:36:25.633','2017-07-10 20:36:25.000','INTERNET',NULL,NULL,NULL,50),(494,4,26.59,48.08,16.12,19.46,'2017-07-10 20:39:25.635','2017-07-10 20:39:25.000','INTERNET',NULL,NULL,NULL,50),(495,4,25.37,62.81,83.52,50.09,'2017-07-10 20:42:25.647','2017-07-10 20:42:25.000','INTERNET',NULL,NULL,NULL,50),(496,4,25.16,50.63,33.52,33.1,'2017-07-10 20:45:25.629','2017-07-10 20:45:25.000','INTERNET',NULL,NULL,NULL,50),(497,4,25.55,51.29,70.69,31.64,'2017-07-10 20:48:25.640','2017-07-10 20:48:25.000','INTERNET',NULL,NULL,NULL,50),(498,4,26.31,51.92,14.09,17.53,'2017-07-10 20:51:25.627','2017-07-10 20:51:25.000','INTERNET',NULL,NULL,NULL,50),(499,4,25.31,61.51,48.93,71.09,'2017-07-10 20:54:25.681','2017-07-10 20:54:25.000','INTERNET',NULL,NULL,NULL,50),(500,4,26.57,57.05,16.69,49.13,'2017-07-10 20:57:25.643','2017-07-10 20:57:25.000','INTERNET',NULL,NULL,NULL,50),(501,4,25.66,59.51,71.78,53.84,'2017-07-10 21:00:25.628','2017-07-10 21:00:25.000','INTERNET',NULL,NULL,NULL,50),(502,4,26.34,49.94,57.71,33.76,'2017-07-10 21:03:25.662','2017-07-10 21:03:25.000','INTERNET',NULL,NULL,NULL,50),(503,4,25.72,50.13,10.22,64.04,'2017-07-10 21:06:25.650','2017-07-10 21:06:25.000','INTERNET',NULL,NULL,NULL,50),(504,4,26.19,59.75,40.15,69.81,'2017-07-10 21:09:25.652','2017-07-10 21:09:25.000','INTERNET',NULL,NULL,NULL,50),(505,4,25.93,46.81,67.78,24.54,'2017-07-10 21:12:25.654','2017-07-10 21:12:25.000','INTERNET',NULL,NULL,NULL,50),(506,4,26.63,50.74,43.5,9.02,'2017-07-10 21:15:25.657','2017-07-10 21:15:25.000','INTERNET',NULL,NULL,NULL,50),(507,4,26.48,49.9,85.75,9.09,'2017-07-10 21:18:25.679','2017-07-10 21:18:25.000','INTERNET',NULL,NULL,NULL,50),(508,4,25.63,53.7,62.15,38.95,'2017-07-10 21:21:25.727','2017-07-10 21:21:25.000','INTERNET',NULL,NULL,NULL,50),(509,4,25.53,53,52.04,20.97,'2017-07-10 21:24:25.665','2017-07-10 21:24:25.000','INTERNET',NULL,NULL,NULL,50),(510,4,25.41,61.07,59.72,10.83,'2017-07-10 21:27:25.670','2017-07-10 21:27:25.000','INTERNET',NULL,NULL,NULL,50),(511,4,25.42,50.77,15.42,27.42,'2017-07-10 21:30:28.662','2017-07-10 21:30:28.000','INTERNET',NULL,NULL,NULL,50),(512,4,26.3,54.43,24.83,10.38,'2017-07-10 21:33:25.745','2017-07-10 21:33:25.000','INTERNET',NULL,NULL,NULL,50),(513,4,26.29,47.07,54.74,59.16,'2017-07-10 21:39:25.759','2017-07-10 21:39:25.000','INTERNET',NULL,NULL,NULL,50),(514,4,26.38,48.83,53.64,36.26,'2017-07-10 21:42:26.435','2017-07-10 21:42:26.000','INTERNET',NULL,NULL,NULL,50),(515,4,25.25,61.38,30.69,52.68,'2017-07-10 21:45:31.234','2017-07-10 21:45:31.000','INTERNET',NULL,NULL,NULL,50),(516,4,25.71,45.53,33.74,9.77,'2017-07-10 21:48:25.769','2017-07-10 21:48:25.000','INTERNET',NULL,NULL,NULL,50),(517,4,26.75,64.08,54.91,45.36,'2017-07-10 21:51:25.662','2017-07-10 21:51:25.000','INTERNET',NULL,NULL,NULL,50),(518,4,25.91,62.53,74.8,47.5,'2017-07-10 21:54:25.666','2017-07-10 21:54:25.000','INTERNET',NULL,NULL,NULL,50),(519,4,26.13,44.58,20.4,73.14,'2017-07-10 21:57:26.121','2017-07-10 21:57:26.000','INTERNET',NULL,NULL,NULL,50),(520,4,25.24,47.64,52.45,14.67,'2017-07-10 22:00:25.658','2017-07-10 22:00:25.000','INTERNET',NULL,NULL,NULL,50),(521,4,26.11,51.78,78.52,32.27,'2017-07-10 22:03:25.738','2017-07-10 22:03:25.000','INTERNET',NULL,NULL,NULL,50),(522,4,26.43,61.75,34.4,23.62,'2017-07-10 22:06:25.808','2017-07-10 22:06:25.000','INTERNET',NULL,NULL,NULL,50),(523,4,26.37,48.29,62.41,37.33,'2017-07-10 22:09:31.330','2017-07-10 22:09:31.000','INTERNET',NULL,NULL,NULL,50),(524,4,25.65,54.26,24.27,23.72,'2017-07-10 22:12:27.446','2017-07-10 22:12:27.000','INTERNET',NULL,NULL,NULL,50),(525,4,25.55,63.99,57.23,44.14,'2017-07-10 22:15:25.644','2017-07-10 22:15:25.000','INTERNET',NULL,NULL,NULL,50),(526,4,25.55,55.29,58.21,29.94,'2017-07-10 22:18:25.651','2017-07-10 22:18:25.000','INTERNET',NULL,NULL,NULL,50),(527,4,25.44,64.26,19.07,71.2,'2017-07-11 01:23:23.141','2017-07-11 01:23:23.000','INTERNET',NULL,NULL,NULL,50),(528,4,26.19,56.62,64.22,46.14,'2017-07-11 01:26:23.166','2017-07-11 01:26:23.000','INTERNET',NULL,NULL,NULL,50),(529,4,26.42,45.66,71.4,31.17,'2017-07-11 01:29:23.110','2017-07-11 01:29:23.000','INTERNET',NULL,NULL,NULL,50),(530,4,26.52,49.52,46.65,43.32,'2017-07-11 01:32:23.135','2017-07-11 01:32:23.000','INTERNET',NULL,NULL,NULL,50),(531,4,25.12,48.92,75.16,16.13,'2017-07-11 01:35:23.150','2017-07-11 01:35:23.000','INTERNET',NULL,NULL,NULL,50),(532,4,25.52,46.86,45.55,28.13,'2017-07-11 01:38:23.099','2017-07-11 01:38:23.000','INTERNET',NULL,NULL,NULL,50),(533,4,25.3,59.79,14.66,42.37,'2017-07-11 01:41:23.099','2017-07-11 01:41:23.000','INTERNET',NULL,NULL,NULL,50),(534,4,26.07,57.03,52.45,51.6,'2017-07-11 01:44:23.103','2017-07-11 01:44:23.000','INTERNET',NULL,NULL,NULL,50),(535,4,26.47,53.9,26.59,51.26,'2017-07-11 01:47:23.183','2017-07-11 01:47:23.000','INTERNET',NULL,NULL,NULL,50),(536,4,26.17,50.46,76.95,23.28,'2017-07-11 01:50:23.190','2017-07-11 01:50:23.000','INTERNET',NULL,NULL,NULL,50),(537,4,25.5,58.52,10.75,23.08,'2017-07-11 01:53:23.136','2017-07-11 01:53:23.000','INTERNET',NULL,NULL,NULL,50),(538,4,25.7,64.76,40.17,16.69,'2017-07-11 01:56:23.089','2017-07-11 01:56:23.000','INTERNET',NULL,NULL,NULL,50),(539,4,26.58,61.1,51.17,44.74,'2017-07-11 02:00:43.777','2017-07-11 02:00:43.000','INTERNET',NULL,NULL,NULL,50),(540,4,25.12,57.77,51.35,49.04,'2017-07-11 02:03:43.728','2017-07-11 02:03:43.000','INTERNET',NULL,NULL,NULL,50),(541,4,26.69,53.72,52.52,47.99,'2017-07-11 02:06:43.683','2017-07-11 02:06:43.000','INTERNET',NULL,NULL,NULL,50),(542,4,26.41,49,44.21,43.69,'2017-07-11 02:09:43.665','2017-07-11 02:09:43.000','INTERNET',NULL,NULL,NULL,50),(543,4,26.79,47.6,34.61,18.79,'2017-07-11 02:12:43.637','2017-07-11 02:12:43.000','INTERNET',NULL,NULL,NULL,50),(544,4,25.21,60.28,34.53,60.49,'2017-07-11 02:15:43.650','2017-07-11 02:15:43.000','INTERNET',NULL,NULL,NULL,50),(545,4,25.98,60.55,57.54,30.1,'2017-07-11 02:18:43.621','2017-07-11 02:18:43.000','INTERNET',NULL,NULL,NULL,50),(546,4,25.84,51.47,46.7,65.9,'2017-07-11 02:21:43.661','2017-07-11 02:21:43.000','INTERNET',NULL,NULL,NULL,50),(547,4,26.99,63.27,20.43,11.84,'2017-07-11 02:24:43.623','2017-07-11 02:24:43.000','INTERNET',NULL,NULL,NULL,50),(548,4,25.9,48.56,53.21,62.41,'2017-07-11 02:27:44.358','2017-07-11 02:27:44.000','INTERNET',NULL,NULL,NULL,50),(549,4,25.07,53.57,76.64,15.74,'2017-07-11 02:30:43.659','2017-07-11 02:30:43.000','INTERNET',NULL,NULL,NULL,50),(550,4,25.15,54.3,31.6,36.37,'2017-07-11 02:33:43.670','2017-07-11 02:33:43.000','INTERNET',NULL,NULL,NULL,50),(551,4,25.52,54.92,59.38,22.5,'2017-07-11 02:36:43.651','2017-07-11 02:36:43.000','INTERNET',NULL,NULL,NULL,50),(552,4,25.79,56.26,40.43,23.34,'2017-07-11 02:39:43.690','2017-07-11 02:39:43.000','INTERNET',NULL,NULL,NULL,50),(553,4,26.93,56.28,21.11,60.99,'2017-07-11 02:42:44.103','2017-07-11 02:42:44.000','INTERNET',NULL,NULL,NULL,50),(554,4,25.81,50.08,56.69,38.67,'2017-07-11 02:45:43.674','2017-07-11 02:45:43.000','INTERNET',NULL,NULL,NULL,50),(555,4,25.52,52.43,10.29,70.88,'2017-07-11 02:48:43.672','2017-07-11 02:48:43.000','INTERNET',NULL,NULL,NULL,50),(556,4,26.39,53.41,65.97,19.71,'2017-07-11 02:51:44.152','2017-07-11 02:51:44.000','INTERNET',NULL,NULL,NULL,50),(557,4,25.57,46.78,36.78,36.33,'2017-07-11 02:54:43.658','2017-07-11 02:54:43.000','INTERNET',NULL,NULL,NULL,50),(558,4,26.88,44.29,79.38,70.91,'2017-07-11 02:57:43.669','2017-07-11 02:57:43.000','INTERNET',NULL,NULL,NULL,50),(559,4,25.87,51.58,40.26,61.1,'2017-07-11 03:00:44.878','2017-07-11 03:00:44.000','INTERNET',NULL,NULL,NULL,50),(560,4,25.71,46.35,15.21,11.61,'2017-07-11 03:03:43.711','2017-07-11 03:03:43.000','INTERNET',NULL,NULL,NULL,50),(561,4,25.91,57.89,76.64,26.95,'2017-07-11 03:06:43.714','2017-07-11 03:06:43.000','INTERNET',NULL,NULL,NULL,50),(562,4,26.25,49.1,78.62,25.35,'2017-07-11 03:09:43.786','2017-07-11 03:09:43.000','INTERNET',NULL,NULL,NULL,50),(563,4,26.03,63.56,11.88,57.82,'2017-07-11 03:12:43.706','2017-07-11 03:12:43.000','INTERNET',NULL,NULL,NULL,50),(564,4,26.1,57.29,10.14,9.58,'2017-07-11 03:15:43.791','2017-07-11 03:15:43.000','INTERNET',NULL,NULL,NULL,50),(565,4,25.56,55.91,25.22,29.13,'2017-07-11 03:18:43.966','2017-07-11 03:18:43.000','INTERNET',NULL,NULL,NULL,50),(566,4,25.44,57.32,27.79,29.73,'2017-07-11 03:21:43.779','2017-07-11 03:21:43.000','INTERNET',NULL,NULL,NULL,50),(567,4,26.42,59.67,79.61,18.93,'2017-07-11 03:24:45.138','2017-07-11 03:24:45.000','INTERNET',NULL,NULL,NULL,50),(568,4,25.74,63.96,61.46,53.43,'2017-07-11 03:27:43.693','2017-07-11 03:27:43.000','INTERNET',NULL,NULL,NULL,50),(569,4,26.95,59.13,38.92,24.44,'2017-07-11 03:30:43.677','2017-07-11 03:30:43.000','INTERNET',NULL,NULL,NULL,50),(570,4,26.2,55.91,84.32,43.36,'2017-07-11 03:33:43.670','2017-07-11 03:33:43.000','INTERNET',NULL,NULL,NULL,50),(571,4,27,58.36,50.65,12.05,'2017-07-11 03:36:43.640','2017-07-11 03:36:43.000','INTERNET',NULL,NULL,NULL,50),(572,4,26.08,60.66,70.99,58.43,'2017-07-11 03:39:47.838','2017-07-11 03:39:47.000','INTERNET',NULL,NULL,NULL,50),(573,4,26.08,60.66,70.99,58.43,'2017-07-11 03:39:51.607','2017-07-11 03:39:51.000','INTERNET',NULL,NULL,NULL,50),(574,4,26.22,55.01,73.45,67.26,'2017-07-11 03:42:45.974','2017-07-11 03:42:45.000','INTERNET',NULL,NULL,NULL,50),(575,4,25.98,47.72,34.65,24.68,'2017-07-11 03:45:43.641','2017-07-11 03:45:43.000','INTERNET',NULL,NULL,NULL,50),(576,4,25.98,44.14,52.43,51.9,'2017-07-11 03:48:43.824','2017-07-11 03:48:43.000','INTERNET',NULL,NULL,NULL,50),(577,4,25.12,55.53,60.42,70.19,'2017-07-11 03:51:43.636','2017-07-11 03:51:43.000','INTERNET',NULL,NULL,NULL,50),(578,4,25.13,62.28,24.84,72.29,'2017-07-11 03:54:43.670','2017-07-11 03:54:43.000','INTERNET',NULL,NULL,NULL,50),(579,4,26.62,63.99,57.48,44.89,'2017-07-11 03:57:43.711','2017-07-11 03:57:43.000','INTERNET',NULL,NULL,NULL,50),(580,4,25.92,61.9,30.94,41.72,'2017-07-11 04:00:43.662','2017-07-11 04:00:43.000','INTERNET',NULL,NULL,NULL,50),(581,4,25.55,62.09,71.7,54.34,'2017-07-11 04:03:43.669','2017-07-11 04:03:43.000','INTERNET',NULL,NULL,NULL,50),(582,4,25.18,60.14,81.38,59.61,'2017-07-11 04:06:43.663','2017-07-11 04:06:43.000','INTERNET',NULL,NULL,NULL,50),(583,4,25.9,55.51,82.82,64.64,'2017-07-11 04:09:43.630','2017-07-11 04:09:43.000','INTERNET',NULL,NULL,NULL,50),(584,4,25.57,62.85,20.11,63.28,'2017-07-18 22:33:32.696','2017-07-11 04:12:44.000','INTERNET',NULL,NULL,NULL,57.45),(585,4,26.4,47.18,52.96,8.46,'2017-07-18 22:33:28.824','2017-07-11 04:15:43.000','INTERNET',NULL,NULL,NULL,87.46),(586,4,26.16,44.16,28.05,35.16,'2017-07-18 22:33:22.540','2017-07-11 04:18:43.000','INTERNET',NULL,NULL,NULL,95.35),(587,4,25.59,61.67,77.51,67.79,'2017-07-18 22:33:18.484','2017-07-11 04:21:43.000','INTERNET',NULL,NULL,NULL,66.27),(588,4,25.53,56.59,43.6,12.35,'2017-07-18 22:02:10.736','2017-07-11 04:24:43.000','INTERNET',NULL,NULL,NULL,78.12),(589,13,NULL,NULL,NULL,NULL,'2017-07-18 22:30:08.318','2017-07-18 22:30:08.000','INTERNET','-0.012331','0.1784','9.8936',86.56),(590,4,29.14,67.12,67.12,34.43,'2017-07-19 09:20:58.449','2017-07-19 09:20:58.000','INTERNET',NULL,NULL,NULL,86.56),(591,13,NULL,NULL,NULL,NULL,'2017-07-19 09:21:48.542','2017-07-19 09:21:16.000','INTERNET','-1.0202198','2.3199697','9.273734',92.5),(592,13,NULL,NULL,NULL,NULL,'2017-07-19 09:23:02.872','2017-07-19 09:21:24.000','INTERNET','-0.8861445','-1.606521','9.369502',91.78),(593,6,29.75,65.45,66.01,30.1,'2017-07-19 09:24:14.047','2017-07-19 09:24:14.000','INTERNET',NULL,NULL,NULL,84.56),(594,4,27.5494,56.5599,24.499,41.5103,'2017-07-19 09:55:42.125','2017-07-19 09:55:42.000','INTERNET',NULL,NULL,NULL,59.4636),(595,4,28.6725,57.9532,37.4088,42.864,'2017-07-19 09:55:47.244','2017-07-19 09:55:47.000','INTERNET',NULL,NULL,NULL,21.9229),(596,4,29.6,56.44,76.42,36.26,'2017-07-19 09:57:58.735','2017-07-19 09:57:58.000','INTERNET',NULL,NULL,NULL,95.5556),(597,4,29.07,60.69,54.3,35.26,'2017-07-19 09:58:29.252','2017-07-19 09:58:29.000','INTERNET',NULL,NULL,NULL,76),(598,4,28.74,56.63,63.32,39.49,'2017-07-19 09:59:13.916','2017-07-19 09:59:13.000','INTERNET',NULL,NULL,NULL,62),(599,4,29.45,58.97,72.86,41.26,'2017-07-19 09:59:16.210','2017-07-19 09:59:16.000','INTERNET',NULL,NULL,NULL,76),(600,4,27.79,58.78,59.1,42.41,'2017-07-19 09:59:18.453','2017-07-19 09:59:18.000','INTERNET',NULL,NULL,NULL,33),(601,4,27.01,58.2,62.56,41.52,'2017-07-19 09:59:20.608','2017-07-19 09:59:20.000','INTERNET',NULL,NULL,NULL,91),(602,4,29.84,58.06,25.02,39.53,'2017-07-19 09:59:22.816','2017-07-19 09:59:22.000','INTERNET',NULL,NULL,NULL,57),(603,4,29.62,57.17,40.87,52.38,'2017-07-19 09:59:25.071','2017-07-19 09:59:25.000','INTERNET',NULL,NULL,NULL,96),(604,4,29.13,59.46,28.02,52.94,'2017-07-19 09:59:27.200','2017-07-19 09:59:27.000','INTERNET',NULL,NULL,NULL,61),(605,4,27.34,58.67,55.5,38.81,'2017-07-19 09:59:29.387','2017-07-19 09:59:29.000','INTERNET',NULL,NULL,NULL,78),(606,4,29.74,57.69,58.17,37.76,'2017-07-19 09:59:31.517','2017-07-19 09:59:31.000','INTERNET',NULL,NULL,NULL,33),(607,4,28.79,57.47,52.4,39.94,'2017-07-19 09:59:33.641','2017-07-19 09:59:33.000','INTERNET',NULL,NULL,NULL,94),(608,4,27.39,56.43,63.79,46.38,'2017-07-19 09:59:35.766','2017-07-19 09:59:35.000','INTERNET',NULL,NULL,NULL,31),(609,4,28.03,56.85,55.99,39.5,'2017-07-19 09:59:37.920','2017-07-19 09:59:37.000','INTERNET',NULL,NULL,NULL,51),(610,4,29.57,60.36,28.61,35.53,'2017-07-19 09:59:40.080','2017-07-19 09:59:40.000','INTERNET',NULL,NULL,NULL,46),(611,4,28.86,60.97,48.05,46.15,'2017-07-19 09:59:42.213','2017-07-19 09:59:42.000','INTERNET',NULL,NULL,NULL,71),(612,4,28.97,58.76,30.21,50.84,'2017-07-19 09:59:44.372','2017-07-19 09:59:44.000','INTERNET',NULL,NULL,NULL,91),(613,4,27.31,57.68,56.1,42.61,'2017-07-19 09:59:46.538','2017-07-19 09:59:46.000','INTERNET',NULL,NULL,NULL,93),(614,4,28.48,58.33,61.37,49.68,'2017-07-19 09:59:48.663','2017-07-19 09:59:48.000','INTERNET',NULL,NULL,NULL,59),(615,4,28.73,56.12,59.31,45.4,'2017-07-19 09:59:50.794','2017-07-19 09:59:50.000','INTERNET',NULL,NULL,NULL,87),(616,4,29.38,57.67,65.22,41.55,'2017-07-19 09:59:52.987','2017-07-19 09:59:52.000','INTERNET',NULL,NULL,NULL,73),(617,4,27.21,60.97,78.76,51.89,'2017-07-19 09:59:55.107','2017-07-19 09:59:55.000','INTERNET',NULL,NULL,NULL,31),(618,4,28.47,59.42,77.79,34.9,'2017-07-19 09:59:57.246','2017-07-19 09:59:57.000','INTERNET',NULL,NULL,NULL,87),(619,4,28.98,56.4,73.3,40.37,'2017-07-19 09:59:59.437','2017-07-19 09:59:59.000','INTERNET',NULL,NULL,NULL,67),(620,4,28.82,58.64,69.85,46.17,'2017-07-19 10:00:01.578','2017-07-19 10:00:01.000','INTERNET',NULL,NULL,NULL,83),(621,4,29.25,58.9,67.81,46.41,'2017-07-19 10:00:03.711','2017-07-19 10:00:03.000','INTERNET',NULL,NULL,NULL,21),(622,4,29.66,56.39,59.93,40.32,'2017-07-19 10:00:05.845','2017-07-19 10:00:05.000','INTERNET',NULL,NULL,NULL,23),(623,4,27.01,58.64,28.39,36.41,'2017-07-19 10:00:08.036','2017-07-19 10:00:08.000','INTERNET',NULL,NULL,NULL,76),(624,4,27.34,59.66,63.33,35.78,'2017-07-19 10:00:10.170','2017-07-19 10:00:10.000','INTERNET',NULL,NULL,NULL,89),(625,4,28.81,60.46,77.32,51.73,'2017-07-19 10:00:12.317','2017-07-19 10:00:12.000','INTERNET',NULL,NULL,NULL,40),(626,4,29.44,57.61,38.41,50.45,'2017-07-19 10:00:14.540','2017-07-19 10:00:14.000','INTERNET',NULL,NULL,NULL,89),(627,4,28.47,56.82,61.8,51.17,'2017-07-19 10:00:16.714','2017-07-19 10:00:16.000','INTERNET',NULL,NULL,NULL,86),(628,4,29.02,60.09,35.98,50.62,'2017-07-19 10:00:18.836','2017-07-19 10:00:18.000','INTERNET',NULL,NULL,NULL,37),(629,4,29.75,56.78,58.85,38.48,'2017-07-19 10:00:20.975','2017-07-19 10:00:20.000','INTERNET',NULL,NULL,NULL,77),(630,4,28.49,58.2,27.81,41.2,'2017-07-19 10:00:23.144','2017-07-19 10:00:23.000','INTERNET',NULL,NULL,NULL,87),(631,4,28.2,57.1,70.76,45.99,'2017-07-19 10:00:25.266','2017-07-19 10:00:25.000','INTERNET',NULL,NULL,NULL,86),(632,4,29.55,58.38,52.23,35.69,'2017-07-19 10:00:27.445','2017-07-19 10:00:27.000','INTERNET',NULL,NULL,NULL,37),(633,4,29.49,58.41,42.16,38.31,'2017-07-19 10:00:29.629','2017-07-19 10:00:29.000','INTERNET',NULL,NULL,NULL,63),(634,4,28.04,58.39,51.21,38.93,'2017-07-19 10:00:31.795','2017-07-19 10:00:31.000','INTERNET',NULL,NULL,NULL,53),(635,4,27.87,58.38,42.52,41.93,'2017-07-19 10:00:33.991','2017-07-19 10:00:33.000','INTERNET',NULL,NULL,NULL,94),(636,4,27.85,56.65,24.69,36.85,'2017-07-19 10:00:36.685','2017-07-19 10:00:36.000','INTERNET',NULL,NULL,NULL,59),(637,4,29.09,59.9,63.02,43.34,'2017-07-19 10:00:40.109','2017-07-19 10:00:40.000','INTERNET',NULL,NULL,NULL,85),(638,4,27.61,58,29.81,51.27,'2017-07-19 10:00:42.281','2017-07-19 10:00:42.000','INTERNET',NULL,NULL,NULL,93),(639,4,28.06,58.22,78.93,49.57,'2017-07-19 10:00:44.688','2017-07-19 10:00:44.000','INTERNET',NULL,NULL,NULL,95),(640,4,27.53,58.48,58.43,52.26,'2017-07-19 10:00:46.851','2017-07-19 10:00:46.000','INTERNET',NULL,NULL,NULL,58),(641,4,29.02,56.62,62.65,36.98,'2017-07-19 10:00:49.024','2017-07-19 10:00:49.000','INTERNET',NULL,NULL,NULL,79),(642,4,29.84,57.87,41.07,52.46,'2017-07-19 10:00:51.224','2017-07-19 10:00:51.000','INTERNET',NULL,NULL,NULL,92),(643,4,27.61,57.69,76.33,41.01,'2017-07-19 10:00:53.357','2017-07-19 10:00:53.000','INTERNET',NULL,NULL,NULL,24),(644,4,28.36,60.19,24.08,45.79,'2017-07-19 10:00:55.529','2017-07-19 10:00:55.000','INTERNET',NULL,NULL,NULL,51),(645,4,28.85,56.64,63.85,45.43,'2017-07-19 10:01:00.674','2017-07-19 10:01:00.000','INTERNET',NULL,NULL,NULL,88),(646,4,29.14,56.65,32.44,44.01,'2017-07-19 10:01:02.847','2017-07-19 10:01:02.000','INTERNET',NULL,NULL,NULL,91),(647,4,28.22,56.33,54.63,37.33,'2017-07-19 10:01:05.035','2017-07-19 10:01:05.000','INTERNET',NULL,NULL,NULL,22),(648,4,29.41,57.77,68.26,41.99,'2017-07-19 10:01:07.167','2017-07-19 10:01:07.000','INTERNET',NULL,NULL,NULL,62),(649,4,29.97,58.53,28.18,44.94,'2017-07-19 10:01:09.418','2017-07-19 10:01:09.000','INTERNET',NULL,NULL,NULL,41),(650,4,27.46,57.03,68.47,52.05,'2017-07-19 10:01:11.663','2017-07-19 10:01:11.000','INTERNET',NULL,NULL,NULL,82),(651,4,28.55,58.44,38.3,45.67,'2017-07-19 10:01:13.964','2017-07-19 10:01:13.000','INTERNET',NULL,NULL,NULL,50),(652,4,27.29,56.08,58.98,42.3,'2017-07-19 10:01:16.167','2017-07-19 10:01:16.000','INTERNET',NULL,NULL,NULL,69),(653,4,29.79,57.43,43.24,48.23,'2017-07-19 10:01:18.346','2017-07-19 10:01:18.000','INTERNET',NULL,NULL,NULL,63),(654,4,28.87,56.33,33.29,41.99,'2017-07-19 10:01:20.542','2017-07-19 10:01:20.000','INTERNET',NULL,NULL,NULL,31),(655,4,28.62,56.37,24.44,39.99,'2017-07-19 10:01:22.713','2017-07-19 10:01:22.000','INTERNET',NULL,NULL,NULL,92),(656,4,29.28,59.56,39.8,52.47,'2017-07-19 10:01:24.876','2017-07-19 10:01:24.000','INTERNET',NULL,NULL,NULL,57),(657,4,27.19,60.94,51.53,48.45,'2017-07-19 10:01:27.075','2017-07-19 10:01:27.000','INTERNET',NULL,NULL,NULL,58),(658,4,28.99,60.66,73.85,48.73,'2017-07-19 10:01:29.195','2017-07-19 10:01:29.000','INTERNET',NULL,NULL,NULL,41),(659,4,27.78,59.14,41.74,50.21,'2017-07-19 10:01:31.369','2017-07-19 10:01:31.000','INTERNET',NULL,NULL,NULL,76),(660,4,27.27,57.98,31.19,40.9,'2017-07-19 10:01:33.533','2017-07-19 10:01:33.000','INTERNET',NULL,NULL,NULL,31),(661,4,27.34,56.91,73.73,37.14,'2017-07-19 10:01:35.707','2017-07-19 10:01:35.000','INTERNET',NULL,NULL,NULL,30),(662,4,27.47,56.9,39.77,40.93,'2017-07-19 10:01:40.887','2017-07-19 10:01:40.000','INTERNET',NULL,NULL,NULL,69),(663,4,27.33,56.29,60.79,52.3,'2017-07-19 10:01:43.040','2017-07-19 10:01:43.000','INTERNET',NULL,NULL,NULL,64),(664,4,28.8,56.32,40.26,47.32,'2017-07-19 10:01:45.211','2017-07-19 10:01:45.000','INTERNET',NULL,NULL,NULL,78),(665,5,29.74,58.45,68.05,37.39,'2017-07-19 13:53:53.294','2017-07-19 13:53:53.000','INTERNET',NULL,NULL,NULL,50),(666,5,28.29,56.2,78.56,49.55,'2017-07-19 13:53:55.464','2017-07-19 13:53:55.000','INTERNET',NULL,NULL,NULL,45),(667,5,28.91,59.4,73.95,52.93,'2017-07-19 13:53:57.615','2017-07-19 13:53:57.000','INTERNET',NULL,NULL,NULL,51),(668,5,29.13,56.03,62.21,52.98,'2017-07-19 13:53:59.778','2017-07-19 13:53:59.000','INTERNET',NULL,NULL,NULL,87),(669,5,29.86,56.77,66.1,38.45,'2017-07-19 13:54:01.933','2017-07-19 13:54:01.000','INTERNET',NULL,NULL,NULL,47),(670,5,28.58,59.77,29.69,35.92,'2017-07-19 13:54:04.091','2017-07-19 13:54:04.000','INTERNET',NULL,NULL,NULL,32),(671,5,29.07,57.02,37.7,42.7,'2017-07-19 13:54:06.258','2017-07-19 13:54:06.000','INTERNET',NULL,NULL,NULL,26),(672,5,28.12,57.64,31.34,38.73,'2017-07-19 13:54:08.427','2017-07-19 13:54:08.000','INTERNET',NULL,NULL,NULL,25),(673,5,28.7,60.7,24.01,37.28,'2017-07-19 13:54:10.588','2017-07-19 13:54:10.000','INTERNET',NULL,NULL,NULL,82),(674,5,29.56,60.5,40.25,50.02,'2017-07-19 13:54:12.747','2017-07-19 13:54:12.000','INTERNET',NULL,NULL,NULL,32),(675,5,29.16,60.64,73.58,52.7,'2017-07-19 13:54:14.908','2017-07-19 13:54:14.000','INTERNET',NULL,NULL,NULL,81),(676,5,27.67,58.59,32.76,48.2,'2017-07-19 13:54:17.071','2017-07-19 13:54:17.000','INTERNET',NULL,NULL,NULL,60),(677,5,28.82,57.55,45.46,37.68,'2017-07-19 13:54:19.232','2017-07-19 13:54:19.000','INTERNET',NULL,NULL,NULL,56),(678,5,29.34,56.94,49.62,37.91,'2017-07-19 13:54:31.024','2017-07-19 13:54:31.000','INTERNET',NULL,NULL,NULL,72),(679,5,28.09,57.72,48.63,45.92,'2017-07-19 13:54:32.257','2017-07-19 13:54:32.000','INTERNET',NULL,NULL,NULL,48),(680,5,27.42,58.96,69.3,43.65,'2017-07-19 13:54:33.414','2017-07-19 13:54:33.000','INTERNET',NULL,NULL,NULL,48),(681,5,29.33,56.01,41.77,38.42,'2017-07-19 13:54:34.566','2017-07-19 13:54:34.000','INTERNET',NULL,NULL,NULL,28),(682,5,29.49,56.33,34.53,45.1,'2017-07-19 13:54:35.710','2017-07-19 13:54:35.000','INTERNET',NULL,NULL,NULL,95),(683,5,28.2,56.89,24.37,47.28,'2017-07-19 13:54:36.864','2017-07-19 13:54:36.000','INTERNET',NULL,NULL,NULL,94),(684,5,27.45,58.89,69.31,37.69,'2017-07-19 13:54:38.018','2017-07-19 13:54:38.000','INTERNET',NULL,NULL,NULL,66),(685,5,29.23,59.51,73.9,39.76,'2017-07-19 13:54:39.174','2017-07-19 13:54:39.000','INTERNET',NULL,NULL,NULL,61),(686,5,28.37,56.76,57.75,37.17,'2017-07-19 13:54:40.323','2017-07-19 13:54:40.000','INTERNET',NULL,NULL,NULL,49),(687,5,28.61,59.28,56.64,46.07,'2017-07-19 13:54:41.481','2017-07-19 13:54:41.000','INTERNET',NULL,NULL,NULL,47),(688,5,29.43,58.8,48.88,39.38,'2017-07-19 13:54:42.644','2017-07-19 13:54:42.000','INTERNET',NULL,NULL,NULL,46),(689,5,28.99,58.74,66.77,45.34,'2017-07-19 13:54:43.790','2017-07-19 13:54:43.000','INTERNET',NULL,NULL,NULL,58),(690,5,29.75,56.52,42.26,34.14,'2017-07-19 13:54:44.952','2017-07-19 13:54:44.000','INTERNET',NULL,NULL,NULL,46),(691,5,27.59,58.87,27.53,48.96,'2017-07-19 13:54:46.144','2017-07-19 13:54:46.000','INTERNET',NULL,NULL,NULL,44),(692,5,28.04,59.82,52.6,46.32,'2017-07-19 13:54:47.293','2017-07-19 13:54:47.000','INTERNET',NULL,NULL,NULL,82),(693,5,28.21,58.43,64.69,48.74,'2017-07-19 13:54:48.448','2017-07-19 13:54:48.000','INTERNET',NULL,NULL,NULL,60),(694,5,29.44,57.58,49.03,51.17,'2017-07-19 13:54:49.608','2017-07-19 13:54:49.000','INTERNET',NULL,NULL,NULL,52),(695,5,27.73,59.37,56.67,49.51,'2017-07-19 13:54:50.788','2017-07-19 13:54:50.000','INTERNET',NULL,NULL,NULL,59),(696,5,28.72,58.88,49.05,37.41,'2017-07-19 13:54:51.965','2017-07-19 13:54:51.000','INTERNET',NULL,NULL,NULL,73),(697,5,28.07,60.91,34.04,51.5,'2017-07-19 13:54:53.123','2017-07-19 13:54:53.000','INTERNET',NULL,NULL,NULL,78),(698,5,27.86,59.57,60.21,45.05,'2017-07-19 13:54:54.283','2017-07-19 13:54:54.000','INTERNET',NULL,NULL,NULL,32),(699,5,27.46,59.75,55.39,48.62,'2017-07-19 13:54:55.439','2017-07-19 13:54:55.000','INTERNET',NULL,NULL,NULL,56),(700,5,28.07,58.08,65.36,41.02,'2017-07-19 13:54:56.597','2017-07-19 13:54:56.000','INTERNET',NULL,NULL,NULL,22),(701,5,27.65,57.57,64.54,35.52,'2017-07-19 13:54:57.759','2017-07-19 13:54:57.000','INTERNET',NULL,NULL,NULL,53),(702,5,27.95,58.35,66.86,47.95,'2017-07-19 13:54:58.910','2017-07-19 13:54:58.000','INTERNET',NULL,NULL,NULL,62),(703,5,27.55,57.92,64.5,42.59,'2017-07-19 13:55:00.070','2017-07-19 13:55:00.000','INTERNET',NULL,NULL,NULL,85),(704,5,27.17,60.04,63.88,42.47,'2017-07-19 13:55:01.286','2017-07-19 13:55:01.000','INTERNET',NULL,NULL,NULL,25),(705,5,29.64,59.18,51.33,40.44,'2017-07-19 13:55:02.483','2017-07-19 13:55:02.000','INTERNET',NULL,NULL,NULL,79),(706,5,28.76,58.58,53.66,48.12,'2017-07-19 13:55:03.635','2017-07-19 13:55:03.000','INTERNET',NULL,NULL,NULL,50),(707,5,27.82,60.73,66.34,40.1,'2017-07-19 13:55:04.819','2017-07-19 13:55:04.000','INTERNET',NULL,NULL,NULL,69),(708,5,27.13,60.52,40.15,44.61,'2017-07-19 13:55:05.993','2017-07-19 13:55:05.000','INTERNET',NULL,NULL,NULL,61),(709,5,29.29,57.21,26.58,44.46,'2017-07-19 13:55:07.157','2017-07-19 13:55:07.000','INTERNET',NULL,NULL,NULL,35),(710,5,28.08,58.14,47.25,34.16,'2017-07-19 13:55:08.312','2017-07-19 13:55:08.000','INTERNET',NULL,NULL,NULL,52),(711,5,28.6,59.05,75.47,41.38,'2017-07-19 13:55:09.464','2017-07-19 13:55:09.000','INTERNET',NULL,NULL,NULL,43),(712,5,28.06,57.14,37.77,37.16,'2017-07-19 13:55:10.622','2017-07-19 13:55:10.000','INTERNET',NULL,NULL,NULL,44),(713,5,28.31,58.98,68.84,43.15,'2017-07-19 13:55:11.779','2017-07-19 13:55:11.000','INTERNET',NULL,NULL,NULL,45),(714,5,27.11,59.11,37.71,37.99,'2017-07-19 13:55:12.934','2017-07-19 13:55:12.000','INTERNET',NULL,NULL,NULL,26),(715,5,27.84,56.97,68.74,50.16,'2017-07-19 13:55:14.111','2017-07-19 13:55:14.000','INTERNET',NULL,NULL,NULL,65),(716,5,29.84,56.8,70.14,36.16,'2017-07-19 13:55:15.269','2017-07-19 13:55:15.000','INTERNET',NULL,NULL,NULL,32),(717,5,28.65,59.64,41.19,44.9,'2017-07-19 13:55:16.421','2017-07-19 13:55:16.000','INTERNET',NULL,NULL,NULL,85),(718,5,27.7,56.98,31.02,46.78,'2017-07-19 13:55:17.583','2017-07-19 13:55:17.000','INTERNET',NULL,NULL,NULL,79),(719,5,27.5,59.59,78.78,48.51,'2017-07-19 13:55:18.744','2017-07-19 13:55:18.000','INTERNET',NULL,NULL,NULL,35),(720,5,27.48,59.68,73.95,49.28,'2017-07-19 13:55:19.905','2017-07-19 13:55:19.000','INTERNET',NULL,NULL,NULL,49),(721,5,27.45,59.29,47.38,52.03,'2017-07-19 13:55:21.063','2017-07-19 13:55:21.000','INTERNET',NULL,NULL,NULL,55),(722,5,29.17,59.04,75,50.23,'2017-07-19 13:55:22.229','2017-07-19 13:55:22.000','INTERNET',NULL,NULL,NULL,29),(723,5,28.48,59.92,40.91,37.7,'2017-07-19 13:55:23.387','2017-07-19 13:55:23.000','INTERNET',NULL,NULL,NULL,67),(724,5,29.6,56.36,35.63,48.25,'2017-07-19 13:55:24.534','2017-07-19 13:55:24.000','INTERNET',NULL,NULL,NULL,51),(725,5,29.26,59.85,75.7,36.88,'2017-07-19 13:55:25.674','2017-07-19 13:55:25.000','INTERNET',NULL,NULL,NULL,25),(726,5,29.8,58.92,73.78,46.59,'2017-07-19 13:55:26.834','2017-07-19 13:55:26.000','INTERNET',NULL,NULL,NULL,95),(727,5,28.32,59.92,78.92,41.78,'2017-07-19 13:55:28.081','2017-07-19 13:55:28.000','INTERNET',NULL,NULL,NULL,41),(728,6,25.87,55.93,77.39,40.32,'2017-07-21 12:23:19.003','2017-07-21 19:23:18.000','INTERNET',NULL,NULL,NULL,NULL),(729,6,26.36,53.87,22.08,33.54,'2017-07-21 13:07:59.409','2017-07-21 20:07:59.000','INTERNET',NULL,NULL,NULL,NULL),(730,6,25.59,44.96,10.57,55.29,'2017-07-21 13:10:59.349','2017-07-21 20:10:59.000','INTERNET',NULL,NULL,NULL,NULL),(731,6,25.05,61.39,41.96,12.55,'2017-07-21 13:13:59.915','2017-07-21 20:13:59.000','INTERNET',NULL,NULL,NULL,NULL),(732,6,26.51,49.01,79.77,32.7,'2017-07-21 13:16:59.312','2017-07-21 20:16:59.000','INTERNET',NULL,NULL,NULL,NULL),(733,6,26.17,60.46,65.15,50.29,'2017-07-21 13:19:59.336','2017-07-21 20:19:59.000','INTERNET',NULL,NULL,NULL,NULL),(734,6,25.6,56.69,80.49,15.59,'2017-07-21 13:22:58.879','2017-07-21 20:22:58.000','INTERNET',NULL,NULL,NULL,NULL),(735,6,26.8,45.7,35.77,44.58,'2017-07-21 13:25:59.474','2017-07-21 20:25:59.000','INTERNET',NULL,NULL,NULL,NULL),(736,6,26.04,60.8,31.38,74.49,'2017-07-21 13:28:59.916','2017-07-21 20:28:59.000','INTERNET',NULL,NULL,NULL,NULL),(737,6,25.12,53.16,50.32,20.25,'2017-07-21 13:31:59.286','2017-07-21 20:31:59.000','INTERNET',NULL,NULL,NULL,NULL),(738,6,26.72,64.64,78.18,18.61,'2017-07-21 13:34:59.432','2017-07-21 20:34:59.000','INTERNET',NULL,NULL,NULL,NULL),(739,6,26.37,47.91,55.4,60.91,'2017-07-21 13:37:58.955','2017-07-21 20:37:58.000','INTERNET',NULL,NULL,NULL,NULL),(740,6,25.01,46.38,42.61,36.46,'2017-07-21 13:40:59.496','2017-07-21 20:40:59.000','INTERNET',NULL,NULL,NULL,NULL),(741,6,26.75,61.62,57.92,32.14,'2017-07-21 13:43:59.669','2017-07-21 20:43:59.000','INTERNET',NULL,NULL,NULL,NULL),(742,6,25.68,64.51,71.77,23.66,'2017-07-21 13:46:59.237','2017-07-21 20:46:59.000','INTERNET',NULL,NULL,NULL,NULL),(743,6,25.85,50.29,11.58,20.96,'2017-07-21 13:49:59.251','2017-07-21 20:49:59.000','INTERNET',NULL,NULL,NULL,NULL),(744,6,26.65,64.52,70.67,33.05,'2017-07-21 14:21:40.369','2017-07-21 21:21:40.000','INTERNET',NULL,NULL,NULL,NULL),(745,6,26.23,47.83,53.67,33.81,'2017-07-21 14:24:40.003','2017-07-21 21:24:39.000','INTERNET',NULL,NULL,NULL,NULL),(746,6,25.31,57.02,82.37,26.81,'2017-07-21 14:27:39.968','2017-07-21 21:27:39.000','INTERNET',NULL,NULL,NULL,NULL),(747,6,26.66,48.68,25,10.54,'2017-07-21 14:30:39.909','2017-07-21 21:30:39.000','INTERNET',NULL,NULL,NULL,NULL),(748,6,26.74,56.92,79.83,29.43,'2017-07-21 14:33:40.411','2017-07-21 21:33:40.000','INTERNET',NULL,NULL,NULL,NULL),(749,6,26.32,56.71,28.62,25.03,'2017-07-21 14:36:39.973','2017-07-21 21:36:39.000','INTERNET',NULL,NULL,NULL,NULL),(750,6,26.87,45.19,76.42,13.43,'2017-07-21 14:39:39.955','2017-07-21 21:39:39.000','INTERNET',NULL,NULL,NULL,NULL),(751,6,26.23,52.06,55.13,69.66,'2017-07-21 14:42:39.996','2017-07-21 21:42:39.000','INTERNET',NULL,NULL,NULL,NULL),(752,6,26.6,51.53,54.52,50.54,'2017-07-21 14:45:39.864','2017-07-21 21:45:39.000','INTERNET',NULL,NULL,NULL,NULL),(753,6,26.62,48.86,19.61,51.52,'2017-07-21 14:48:40.423','2017-07-21 21:48:40.000','INTERNET',NULL,NULL,NULL,NULL),(754,6,25.2,54.63,29.59,29.33,'2017-07-21 14:51:39.996','2017-07-21 21:51:39.000','INTERNET',NULL,NULL,NULL,NULL),(755,6,26.1,51.47,57.14,8.68,'2017-07-21 14:54:39.981','2017-07-21 21:54:39.000','INTERNET',NULL,NULL,NULL,NULL),(756,6,25.09,50.22,52.03,59.12,'2017-07-21 14:57:39.953','2017-07-21 21:57:39.000','INTERNET',NULL,NULL,NULL,NULL),(757,6,26.27,58.11,85.64,21.12,'2017-07-21 15:00:39.899','2017-07-21 22:00:39.000','INTERNET',NULL,NULL,NULL,NULL),(758,6,26.47,59.47,21.15,19.38,'2017-07-21 15:03:39.908','2017-07-21 22:03:39.000','INTERNET',NULL,NULL,NULL,NULL),(759,6,26.95,56.4,61.33,67.77,'2017-07-21 15:06:40.009','2017-07-21 22:06:40.000','INTERNET',NULL,NULL,NULL,NULL),(760,6,26.66,52.96,67.01,67.27,'2017-07-21 15:09:40.039','2017-07-21 22:09:40.000','INTERNET',NULL,NULL,NULL,NULL),(761,6,25.46,57.64,65.76,35.24,'2017-07-21 15:12:40.057','2017-07-21 22:12:40.000','INTERNET',NULL,NULL,NULL,NULL),(762,6,26.38,60.36,43.95,63.94,'2017-07-21 15:15:40.036','2017-07-21 22:15:40.000','INTERNET',NULL,NULL,NULL,NULL),(763,6,25.3,63.25,69.96,48.89,'2017-07-21 15:18:40.003','2017-07-21 22:18:39.000','INTERNET',NULL,NULL,NULL,NULL),(764,6,26.09,51.93,41.29,39.06,'2017-07-21 15:21:40.087','2017-07-21 22:21:40.000','INTERNET',NULL,NULL,NULL,NULL),(765,6,26.29,46.21,18.4,53.71,'2017-07-21 15:24:39.986','2017-07-21 22:24:39.000','INTERNET',NULL,NULL,NULL,NULL),(766,6,26.88,46.36,49.46,48.92,'2017-07-21 15:27:40.001','2017-07-21 22:27:39.000','INTERNET',NULL,NULL,NULL,NULL),(767,6,25.85,54.59,54.94,52.69,'2017-07-21 15:30:39.988','2017-07-21 22:30:39.000','INTERNET',NULL,NULL,NULL,NULL),(768,6,26.22,55.24,31.88,37.78,'2017-07-21 15:33:40.032','2017-07-21 22:33:40.000','INTERNET',NULL,NULL,NULL,NULL),(769,6,25.01,60.53,18.68,26.08,'2017-07-21 15:36:40.005','2017-07-21 22:36:39.000','INTERNET',NULL,NULL,NULL,NULL),(770,6,25.11,44.85,61.34,34.4,'2017-07-21 15:39:39.977','2017-07-21 22:39:39.000','INTERNET',NULL,NULL,NULL,NULL),(771,6,25.5,56.8,66.01,41.3,'2017-07-21 15:42:40.032','2017-07-21 22:42:40.000','INTERNET',NULL,NULL,NULL,NULL),(772,6,26.78,60.74,42,48.77,'2017-07-21 15:45:39.991','2017-07-21 22:45:39.000','INTERNET',NULL,NULL,NULL,NULL),(773,6,25.65,53.26,52.48,14.28,'2017-07-21 15:48:40.135','2017-07-21 22:48:40.000','INTERNET',NULL,NULL,NULL,NULL),(774,6,25.08,60.11,48.81,72.79,'2017-07-21 15:51:40.010','2017-07-21 22:51:40.000','INTERNET',NULL,NULL,NULL,NULL),(775,6,26.17,56.6,24.77,72.16,'2017-07-21 15:54:40.086','2017-07-21 22:54:40.000','INTERNET',NULL,NULL,NULL,NULL),(776,6,26.85,52.1,35.26,20.43,'2017-07-21 15:57:40.068','2017-07-21 22:57:40.000','INTERNET',NULL,NULL,NULL,NULL),(777,6,25.46,50.39,84.11,66.32,'2017-07-21 16:00:39.872','2017-07-21 23:00:39.000','INTERNET',NULL,NULL,NULL,NULL),(778,6,26.48,47.58,50.73,55.72,'2017-07-21 16:03:40.031','2017-07-21 23:03:40.000','INTERNET',NULL,NULL,NULL,NULL),(779,6,25.11,51.6,18.44,15.9,'2017-07-21 16:06:39.928','2017-07-21 23:06:39.000','INTERNET',NULL,NULL,NULL,NULL),(780,6,25.64,51.19,59.21,33.77,'2017-07-21 16:09:40.101','2017-07-21 23:09:40.000','INTERNET',NULL,NULL,NULL,NULL),(781,6,25.83,47.1,44.3,72.34,'2017-07-21 16:12:40.010','2017-07-21 23:12:40.000','INTERNET',NULL,NULL,NULL,NULL),(782,6,25.84,51.18,20.06,19.65,'2017-07-21 16:15:39.891','2017-07-21 23:15:39.000','INTERNET',NULL,NULL,NULL,NULL),(783,6,26.82,45.99,42.32,29.63,'2017-07-21 16:18:40.012','2017-07-21 23:18:40.000','INTERNET',NULL,NULL,NULL,NULL),(784,6,25.92,60.68,44.22,11.62,'2017-07-21 16:21:40.059','2017-07-21 23:21:40.000','INTERNET',NULL,NULL,NULL,NULL),(785,6,25.76,60.3,33.38,42.79,'2017-07-21 16:24:40.015','2017-07-21 23:24:40.000','INTERNET',NULL,NULL,NULL,NULL),(786,6,25.96,46.48,17.54,26.57,'2017-07-21 16:27:40.467','2017-07-21 23:27:40.000','INTERNET',NULL,NULL,NULL,NULL),(787,6,25.33,61.33,10.28,32.04,'2017-07-21 16:30:40.026','2017-07-21 23:30:40.000','INTERNET',NULL,NULL,NULL,NULL),(788,6,26.81,64.76,64.29,68.45,'2017-07-21 16:33:40.041','2017-07-21 23:33:40.000','INTERNET',NULL,NULL,NULL,NULL),(789,6,25.66,64.47,58.98,51.02,'2017-07-21 16:36:39.888','2017-07-21 23:36:39.000','INTERNET',NULL,NULL,NULL,NULL),(790,6,26.47,48.1,10.46,11.08,'2017-07-21 16:39:40.007','2017-07-21 23:39:40.000','INTERNET',NULL,NULL,NULL,NULL),(791,6,25.39,53.99,69.16,49.06,'2017-07-21 16:42:40.034','2017-07-21 23:42:40.000','INTERNET',NULL,NULL,NULL,NULL),(792,6,25.4,62.4,44.99,68.16,'2017-07-21 16:45:39.964','2017-07-21 23:45:39.000','INTERNET',NULL,NULL,NULL,NULL),(793,6,26.32,62.93,26.03,51.05,'2017-07-21 16:48:40.172','2017-07-21 23:48:40.000','INTERNET',NULL,NULL,NULL,NULL),(794,6,25.38,51.2,29.44,27.53,'2017-07-21 16:51:40.078','2017-07-21 23:51:40.000','INTERNET',NULL,NULL,NULL,NULL),(795,6,26.94,53.71,70.73,50.89,'2017-07-21 16:54:40.472','2017-07-21 23:54:40.000','INTERNET',NULL,NULL,NULL,NULL),(796,6,25.76,51.1,60.01,59.61,'2017-07-21 16:57:40.067','2017-07-21 23:57:40.000','INTERNET',NULL,NULL,NULL,NULL),(797,6,25.68,49.58,36.89,53.2,'2017-07-21 17:00:39.924','2017-07-22 00:00:39.000','INTERNET',NULL,NULL,NULL,NULL),(798,6,26.17,48.74,74.44,36.18,'2017-07-21 17:03:40.029','2017-07-22 00:03:40.000','INTERNET',NULL,NULL,NULL,NULL),(799,6,25.04,53.03,57.18,52.9,'2017-07-21 17:06:40.037','2017-07-22 00:06:40.000','INTERNET',NULL,NULL,NULL,NULL),(800,6,25.72,50.31,43.39,71.15,'2017-07-21 17:09:40.013','2017-07-22 00:09:40.000','INTERNET',NULL,NULL,NULL,NULL),(801,6,26.61,45.48,60.14,28.77,'2017-07-21 17:12:40.051','2017-07-22 00:12:40.000','INTERNET',NULL,NULL,NULL,NULL),(802,6,26.12,52.68,40.75,40.37,'2017-07-21 17:15:39.943','2017-07-22 00:15:39.000','INTERNET',NULL,NULL,NULL,NULL),(803,6,26.88,49.03,54.7,51.67,'2017-07-21 17:18:40.040','2017-07-22 00:18:40.000','INTERNET',NULL,NULL,NULL,NULL),(804,6,26.72,60.74,70.59,48.67,'2017-07-21 17:21:40.110','2017-07-22 00:21:40.000','INTERNET',NULL,NULL,NULL,NULL),(805,6,25.54,64.71,45.59,35.35,'2017-07-21 17:24:40.034','2017-07-22 00:24:40.000','INTERNET',NULL,NULL,NULL,NULL),(806,6,26.89,57.89,18.52,29.96,'2017-07-21 17:27:40.239','2017-07-22 00:27:40.000','INTERNET',NULL,NULL,NULL,NULL),(807,6,26.98,47.68,62.27,29.95,'2017-07-21 17:30:39.903','2017-07-22 00:30:39.000','INTERNET',NULL,NULL,NULL,NULL),(808,6,25.78,55.98,67.93,69.46,'2017-07-21 17:33:40.005','2017-07-22 00:33:39.000','INTERNET',NULL,NULL,NULL,NULL),(809,6,25.52,59.56,27.14,36.42,'2017-07-21 17:36:40.037','2017-07-22 00:36:40.000','INTERNET',NULL,NULL,NULL,NULL),(810,6,26.12,64.15,64.69,65.76,'2017-07-21 17:39:40.042','2017-07-22 00:39:40.000','INTERNET',NULL,NULL,NULL,NULL),(811,6,25.85,61.5,69.71,13.88,'2017-07-21 17:42:40.036','2017-07-22 00:42:40.000','INTERNET',NULL,NULL,NULL,NULL),(812,6,26.24,55.55,79.08,33.33,'2017-07-21 17:45:40.042','2017-07-22 00:45:40.000','INTERNET',NULL,NULL,NULL,NULL),(813,6,26.61,60.39,39.33,41.05,'2017-07-21 17:48:40.465','2017-07-22 00:48:40.000','INTERNET',NULL,NULL,NULL,NULL),(814,6,25.99,63.37,24.21,24.71,'2017-07-21 17:51:40.065','2017-07-22 00:51:40.000','INTERNET',NULL,NULL,NULL,NULL),(815,6,25.77,64.9,10.23,41.33,'2017-07-21 17:54:40.141','2017-07-22 00:54:40.000','INTERNET',NULL,NULL,NULL,NULL),(816,6,26.22,45.94,45.36,70.83,'2017-07-21 17:57:39.995','2017-07-22 00:57:39.000','INTERNET',NULL,NULL,NULL,NULL),(817,6,25.11,45.43,46.29,55.65,'2017-07-21 18:00:40.037','2017-07-22 01:00:40.000','INTERNET',NULL,NULL,NULL,NULL),(818,6,25.63,48.57,24.26,11.59,'2017-07-21 18:03:40.053','2017-07-22 01:03:40.000','INTERNET',NULL,NULL,NULL,NULL),(819,6,26.95,56.32,34.44,55.38,'2017-07-21 18:06:40.041','2017-07-22 01:06:40.000','INTERNET',NULL,NULL,NULL,NULL),(820,6,26.33,63.77,75.78,23.15,'2017-07-21 18:09:40.034','2017-07-22 01:09:40.000','INTERNET',NULL,NULL,NULL,NULL),(821,6,25.85,52.31,71.12,58.34,'2017-07-21 18:12:40.005','2017-07-22 01:12:39.000','INTERNET',NULL,NULL,NULL,NULL),(822,6,26.06,49.28,60.32,63.89,'2017-07-21 18:15:39.920','2017-07-22 01:15:39.000','INTERNET',NULL,NULL,NULL,NULL),(823,6,25.18,51.59,83.9,29.31,'2017-07-21 18:18:40.031','2017-07-22 01:18:40.000','INTERNET',NULL,NULL,NULL,NULL),(824,6,25.98,46.84,12.8,33.42,'2017-07-21 18:21:40.083','2017-07-22 01:21:40.000','INTERNET',NULL,NULL,NULL,NULL),(825,6,26.44,49.79,50.97,41.05,'2017-07-21 18:24:40.030','2017-07-22 01:24:40.000','INTERNET',NULL,NULL,NULL,NULL),(826,6,26.25,46.42,48.29,74.23,'2017-07-21 18:27:40.093','2017-07-22 01:27:40.000','INTERNET',NULL,NULL,NULL,NULL),(827,6,25.21,55.68,69.22,47.88,'2017-07-21 18:30:40.035','2017-07-22 01:30:40.000','INTERNET',NULL,NULL,NULL,NULL),(828,6,25.62,45.06,36.07,21.88,'2017-07-21 18:33:40.455','2017-07-22 01:33:40.000','INTERNET',NULL,NULL,NULL,NULL),(829,6,25.93,61.29,11.98,28.54,'2017-07-21 18:36:40.022','2017-07-22 01:36:40.000','INTERNET',NULL,NULL,NULL,NULL),(830,6,25.94,52.59,64.32,44.85,'2017-07-21 18:39:40.017','2017-07-22 01:39:40.000','INTERNET',NULL,NULL,NULL,NULL),(831,6,25.99,44.11,30.9,43.06,'2017-07-21 18:42:40.018','2017-07-22 01:42:40.000','INTERNET',NULL,NULL,NULL,NULL),(832,6,26.53,46.56,60.49,44.84,'2017-07-21 18:45:40.037','2017-07-22 01:45:40.000','INTERNET',NULL,NULL,NULL,NULL),(833,6,26.74,59.42,43.22,41.3,'2017-07-21 18:48:40.067','2017-07-22 01:48:40.000','INTERNET',NULL,NULL,NULL,NULL),(834,6,26.64,63.98,72.52,22.81,'2017-07-21 18:51:40.433','2017-07-22 01:51:40.000','INTERNET',NULL,NULL,NULL,NULL),(835,6,25.68,48.9,19.02,28.1,'2017-07-21 18:54:40.036','2017-07-22 01:54:40.000','INTERNET',NULL,NULL,NULL,NULL),(836,6,26.35,62.48,35.57,73.79,'2017-07-21 18:57:40.046','2017-07-22 01:57:40.000','INTERNET',NULL,NULL,NULL,NULL),(837,6,25.27,52.23,69.1,63.55,'2017-07-21 19:00:39.934','2017-07-22 02:00:39.000','INTERNET',NULL,NULL,NULL,NULL),(838,6,25.14,63.69,37.97,54.86,'2017-07-21 19:03:40.023','2017-07-22 02:03:40.000','INTERNET',NULL,NULL,NULL,NULL),(839,6,25.98,46.93,72.45,18.23,'2017-07-21 19:06:40.036','2017-07-22 02:06:40.000','INTERNET',NULL,NULL,NULL,NULL),(840,6,25.9,58.75,16.35,64.22,'2017-07-21 19:09:40.014','2017-07-22 02:09:40.000','INTERNET',NULL,NULL,NULL,NULL),(841,6,26.66,62.42,11.1,45.67,'2017-07-21 19:12:40.177','2017-07-22 02:12:40.000','INTERNET',NULL,NULL,NULL,NULL),(842,6,25.35,52.44,57.12,65.63,'2017-07-21 19:15:40.098','2017-07-22 02:15:40.000','INTERNET',NULL,NULL,NULL,NULL),(843,6,25.93,60.96,32,31.57,'2017-07-21 19:18:40.106','2017-07-22 02:18:40.000','INTERNET',NULL,NULL,NULL,NULL),(844,6,25.85,58.98,62.15,64.78,'2017-07-21 19:21:40.027','2017-07-22 02:21:40.000','INTERNET',NULL,NULL,NULL,NULL),(845,6,25.57,46.39,15.27,60.19,'2017-07-21 19:24:40.026','2017-07-22 02:24:40.000','INTERNET',NULL,NULL,NULL,NULL),(846,6,26.49,63.12,42.45,46.84,'2017-07-21 19:27:40.081','2017-07-22 02:27:40.000','INTERNET',NULL,NULL,NULL,NULL),(847,6,25.63,44.23,85.56,64.4,'2017-07-21 19:30:40.041','2017-07-22 02:30:40.000','INTERNET',NULL,NULL,NULL,NULL),(848,6,26.56,53.72,24.96,30.7,'2017-07-21 19:33:40.029','2017-07-22 02:33:40.000','INTERNET',NULL,NULL,NULL,NULL),(849,6,26.7,44.35,46.53,15.99,'2017-07-21 19:36:40.028','2017-07-22 02:36:40.000','INTERNET',NULL,NULL,NULL,NULL),(850,6,26.32,49.11,71.86,58.43,'2017-07-21 19:50:17.752','2017-07-22 02:50:17.000','INTERNET',NULL,NULL,NULL,NULL),(851,6,26.24,57.28,65.49,10.64,'2017-07-21 19:53:17.713','2017-07-22 02:53:17.000','INTERNET',NULL,NULL,NULL,NULL),(852,6,25.49,64.93,35.01,33.79,'2017-07-21 19:56:17.660','2017-07-22 02:56:17.000','INTERNET',NULL,NULL,NULL,NULL),(853,6,26.64,49.48,56.27,25.77,'2017-07-21 19:59:17.705','2017-07-22 02:59:17.000','INTERNET',NULL,NULL,NULL,NULL),(854,6,26.01,63.44,39.73,25.84,'2017-07-21 20:02:17.655','2017-07-22 03:02:17.000','INTERNET',NULL,NULL,NULL,NULL),(855,6,25.75,47.97,12.73,59.71,'2017-07-21 20:05:17.653','2017-07-22 03:05:17.000','INTERNET',NULL,NULL,NULL,NULL),(856,6,26.84,53.48,62.77,52.16,'2017-07-21 20:08:18.081','2017-07-22 03:08:18.000','INTERNET',NULL,NULL,NULL,NULL),(857,6,26.27,48.92,49.69,18.96,'2017-07-21 20:11:17.672','2017-07-22 03:11:17.000','INTERNET',NULL,NULL,NULL,NULL),(858,6,26.64,51.31,53.63,27.58,'2017-07-21 20:14:17.642','2017-07-22 03:14:17.000','INTERNET',NULL,NULL,NULL,NULL),(859,6,25.5,51.57,53.14,31.85,'2017-07-21 20:17:17.663','2017-07-22 03:17:17.000','INTERNET',NULL,NULL,NULL,NULL),(860,6,26.16,50.94,73.47,23.18,'2017-07-21 20:20:17.757','2017-07-22 03:20:17.000','INTERNET',NULL,NULL,NULL,NULL),(861,6,26.97,60.42,37.51,69.08,'2017-07-21 20:23:17.654','2017-07-22 03:23:17.000','INTERNET',NULL,NULL,NULL,NULL),(862,6,25.8,60.61,23.9,55.35,'2017-07-21 20:26:18.134','2017-07-22 03:26:18.000','INTERNET',NULL,NULL,NULL,NULL),(863,6,26.89,61.81,46.82,17.56,'2017-07-21 20:29:17.647','2017-07-22 03:29:17.000','INTERNET',NULL,NULL,NULL,NULL),(864,6,26.36,54.98,10.86,43.45,'2017-07-21 20:32:17.677','2017-07-22 03:32:17.000','INTERNET',NULL,NULL,NULL,NULL),(865,6,25.92,53.46,36.74,56.56,'2017-07-21 20:35:17.679','2017-07-22 03:35:17.000','INTERNET',NULL,NULL,NULL,NULL),(866,6,26.6,47.92,62.93,63.56,'2017-07-21 20:38:17.666','2017-07-22 03:38:17.000','INTERNET',NULL,NULL,NULL,NULL),(867,6,25.54,51.57,78.06,63.52,'2017-07-21 20:41:17.693','2017-07-22 03:41:17.000','INTERNET',NULL,NULL,NULL,NULL),(868,6,26.25,51.02,12.3,9.12,'2017-07-21 20:44:17.649','2017-07-22 03:44:17.000','INTERNET',NULL,NULL,NULL,NULL),(869,6,26.76,52.05,54.49,37.5,'2017-07-21 20:47:17.674','2017-07-22 03:47:17.000','INTERNET',NULL,NULL,NULL,NULL),(870,6,25.7,58.04,26.11,60.76,'2017-07-21 20:50:17.690','2017-07-22 03:50:17.000','INTERNET',NULL,NULL,NULL,NULL),(871,6,25.11,52.92,56.65,33.3,'2017-07-21 20:53:17.719','2017-07-22 03:53:17.000','INTERNET',NULL,NULL,NULL,NULL),(872,6,26.69,46.84,55.62,24.76,'2017-07-21 20:56:17.677','2017-07-22 03:56:17.000','INTERNET',NULL,NULL,NULL,NULL),(873,6,25.24,59.61,59.03,61.37,'2017-07-21 20:59:17.895','2017-07-22 03:59:17.000','INTERNET',NULL,NULL,NULL,NULL),(874,6,26.33,58.78,46.56,73.57,'2017-07-21 21:02:17.679','2017-07-22 04:02:17.000','INTERNET',NULL,NULL,NULL,NULL),(875,6,25.5,44.1,60.06,42,'2017-07-21 21:05:17.694','2017-07-22 04:05:17.000','INTERNET',NULL,NULL,NULL,NULL),(876,6,26.39,64.27,43.73,52.35,'2017-07-21 21:08:17.686','2017-07-22 04:08:17.000','INTERNET',NULL,NULL,NULL,NULL),(877,6,26.08,48.15,28.91,39.73,'2017-07-21 21:11:17.689','2017-07-22 04:11:17.000','INTERNET',NULL,NULL,NULL,NULL),(878,6,26.72,61.97,64.98,32.69,'2017-07-21 21:14:17.678','2017-07-22 04:14:17.000','INTERNET',NULL,NULL,NULL,NULL),(879,6,25.29,48.79,40.97,53.96,'2017-07-21 21:17:17.673','2017-07-22 04:17:17.000','INTERNET',NULL,NULL,NULL,NULL),(880,6,26.98,61.47,33.02,67.07,'2017-07-21 21:20:17.553','2017-07-22 04:20:17.000','INTERNET',NULL,NULL,NULL,NULL),(881,6,26.87,59.28,84.75,20.04,'2017-07-21 21:23:17.696','2017-07-22 04:23:17.000','INTERNET',NULL,NULL,NULL,NULL),(882,6,25.77,52.89,56.29,59.19,'2017-07-21 21:26:17.793','2017-07-22 04:26:17.000','INTERNET',NULL,NULL,NULL,NULL),(883,6,26.74,63.74,21.94,64.03,'2017-07-21 21:29:17.698','2017-07-22 04:29:17.000','INTERNET',NULL,NULL,NULL,NULL),(884,6,25.82,49.89,51.91,58.25,'2017-07-21 21:32:17.714','2017-07-22 04:32:17.000','INTERNET',NULL,NULL,NULL,NULL),(885,6,26.13,56.61,11.9,32.78,'2017-07-21 21:35:17.694','2017-07-22 04:35:17.000','INTERNET',NULL,NULL,NULL,NULL),(886,6,26.58,50.41,24.06,13.02,'2017-07-21 21:36:14.624','2017-07-22 04:36:14.000','INTERNET',NULL,NULL,NULL,NULL),(887,6,25.17,64.38,38.99,66.9,'2017-07-21 21:39:15.122','2017-07-22 04:39:15.000','INTERNET',NULL,NULL,NULL,NULL),(888,6,25.98,56.53,26.21,15.02,'2017-07-21 21:42:14.726','2017-07-22 04:42:14.000','INTERNET',NULL,NULL,NULL,NULL),(889,6,25.36,59.37,54.87,33.72,'2017-07-21 21:45:14.716','2017-07-22 04:45:14.000','INTERNET',NULL,NULL,NULL,NULL),(890,6,26.15,63.17,15.49,29.97,'2017-07-21 21:48:14.719','2017-07-22 04:48:14.000','INTERNET',NULL,NULL,NULL,NULL),(891,6,25.45,62.76,45.62,38.42,'2017-07-21 21:51:14.862','2017-07-22 04:51:14.000','INTERNET',NULL,NULL,NULL,NULL),(892,6,26.05,63.35,20.43,8.85,'2017-07-21 21:54:14.751','2017-07-22 04:54:14.000','INTERNET',NULL,NULL,NULL,NULL),(893,6,25.36,44.46,32.84,44.84,'2017-07-21 21:57:14.779','2017-07-22 04:57:14.000','INTERNET',NULL,NULL,NULL,NULL),(894,6,25.9,49.54,32.71,50.52,'2017-07-21 22:00:14.617','2017-07-22 05:00:14.000','INTERNET',NULL,NULL,NULL,NULL),(895,6,25.56,45.99,68.58,34.51,'2017-07-21 22:03:14.735','2017-07-22 05:03:14.000','INTERNET',NULL,NULL,NULL,NULL),(896,6,26.62,64.66,23.57,37.26,'2017-07-21 22:06:14.728','2017-07-22 05:06:14.000','INTERNET',NULL,NULL,NULL,NULL),(897,6,26.13,60.08,65.37,53.43,'2017-07-21 22:09:14.740','2017-07-22 05:09:14.000','INTERNET',NULL,NULL,NULL,NULL),(898,6,26.45,46.98,53.15,37.98,'2017-07-21 22:12:14.760','2017-07-22 05:12:14.000','INTERNET',NULL,NULL,NULL,NULL),(899,6,26.2,62.57,55.09,62.74,'2017-07-21 22:15:14.732','2017-07-22 05:15:14.000','INTERNET',NULL,NULL,NULL,NULL),(900,6,25.86,57.13,16.46,29.6,'2017-07-21 22:18:14.750','2017-07-22 05:18:14.000','INTERNET',NULL,NULL,NULL,NULL),(901,6,25.47,48.1,38.1,50.72,'2017-07-21 22:21:14.772','2017-07-22 05:21:14.000','INTERNET',NULL,NULL,NULL,NULL),(902,6,25.77,50.27,18.48,47.89,'2017-07-21 22:24:14.642','2017-07-22 05:24:14.000','INTERNET',NULL,NULL,NULL,NULL),(903,6,25.97,61.8,74.55,56.65,'2017-07-21 22:27:14.729','2017-07-22 05:27:14.000','INTERNET',NULL,NULL,NULL,NULL),(904,6,26.86,45.62,17.65,11.23,'2017-07-21 22:30:14.747','2017-07-22 05:30:14.000','INTERNET',NULL,NULL,NULL,NULL),(905,6,25.46,46.32,64.53,60.39,'2017-07-21 22:33:14.735','2017-07-22 05:33:14.000','INTERNET',NULL,NULL,NULL,NULL),(906,6,25.05,51.48,27.96,37.37,'2017-07-21 22:36:14.767','2017-07-22 05:36:14.000','INTERNET',NULL,NULL,NULL,NULL),(907,6,25.27,64.6,16.32,9.18,'2017-07-21 22:39:14.721','2017-07-22 05:39:14.000','INTERNET',NULL,NULL,NULL,NULL),(908,6,26.32,63.53,57.74,25.3,'2017-07-21 22:42:15.195','2017-07-22 05:42:15.000','INTERNET',NULL,NULL,NULL,NULL),(909,6,26.16,55.26,19.66,61.72,'2017-07-21 22:45:14.733','2017-07-22 05:45:14.000','INTERNET',NULL,NULL,NULL,NULL),(910,6,25.78,44.63,53.99,19.71,'2017-07-21 22:48:15.155','2017-07-22 05:48:15.000','INTERNET',NULL,NULL,NULL,NULL),(911,6,25.86,45.21,24.1,33.02,'2017-07-21 22:51:14.767','2017-07-22 05:51:14.000','INTERNET',NULL,NULL,NULL,NULL),(912,6,26.42,62.67,84.39,45.06,'2017-07-21 22:54:14.783','2017-07-22 05:54:14.000','INTERNET',NULL,NULL,NULL,NULL),(913,6,25.33,49.63,37.67,60.97,'2017-07-21 22:57:14.733','2017-07-22 05:57:14.000','INTERNET',NULL,NULL,NULL,NULL),(914,6,26.25,45.12,15.12,16.08,'2017-07-21 23:00:14.745','2017-07-22 06:00:14.000','INTERNET',NULL,NULL,NULL,NULL),(915,6,26.6,60.49,84.8,35.18,'2017-07-21 23:03:14.768','2017-07-22 06:03:14.000','INTERNET',NULL,NULL,NULL,NULL),(916,6,26.61,44.1,42.69,34.32,'2017-07-21 23:06:15.177','2017-07-22 06:06:15.000','INTERNET',NULL,NULL,NULL,NULL),(917,6,26.5,45.21,74.3,62.98,'2017-07-21 23:09:14.610','2017-07-22 06:09:14.000','INTERNET',NULL,NULL,NULL,NULL),(918,6,25.53,63.21,26.17,45,'2017-07-21 23:12:15.666','2017-07-22 06:12:15.000','INTERNET',NULL,NULL,NULL,NULL),(919,6,26.73,45.09,66.48,14.84,'2017-07-21 23:15:14.689','2017-07-22 06:15:14.000','INTERNET',NULL,NULL,NULL,NULL),(920,6,25.76,56.83,11.95,11.06,'2017-07-21 23:18:14.649','2017-07-22 06:18:14.000','INTERNET',NULL,NULL,NULL,NULL),(921,6,26.83,51.5,79.37,21.43,'2017-07-21 23:21:14.656','2017-07-22 06:21:14.000','INTERNET',NULL,NULL,NULL,NULL),(922,6,25.85,54.42,15.34,52.37,'2017-07-21 23:24:15.212','2017-07-22 06:24:15.000','INTERNET',NULL,NULL,NULL,NULL),(923,6,26.58,50.99,68.95,44.09,'2017-07-21 23:27:14.737','2017-07-22 06:27:14.000','INTERNET',NULL,NULL,NULL,NULL),(924,6,26.03,51.02,62.43,54.88,'2017-07-21 23:30:14.659','2017-07-22 06:30:14.000','INTERNET',NULL,NULL,NULL,NULL),(925,6,25.47,62.76,41.45,65.56,'2017-07-21 23:33:14.666','2017-07-22 06:33:14.000','INTERNET',NULL,NULL,NULL,NULL),(926,6,26.81,45.96,23.56,52.32,'2017-07-21 23:36:14.761','2017-07-22 06:36:14.000','INTERNET',NULL,NULL,NULL,NULL),(927,6,25.84,62.45,57.66,63.67,'2017-07-21 23:39:14.749','2017-07-22 06:39:14.000','INTERNET',NULL,NULL,NULL,NULL),(928,6,25.8,56.97,66.79,24.83,'2017-07-21 23:42:14.799','2017-07-22 06:42:14.000','INTERNET',NULL,NULL,NULL,NULL),(929,6,25.73,45.18,32.25,40.61,'2017-07-21 23:53:46.000','2017-07-22 06:53:45.000','INTERNET',NULL,NULL,NULL,NULL),(930,6,26.06,45.99,42.7,66.8,'2017-07-21 23:53:55.865','2017-07-22 06:53:55.000','INTERNET',NULL,NULL,NULL,NULL),(931,6,26.5,52.63,18.03,42.64,'2017-07-21 23:56:56.163','2017-07-22 06:56:56.000','INTERNET',NULL,NULL,NULL,NULL),(932,6,26.52,60.61,76.32,48.11,'2017-07-21 23:59:55.970','2017-07-22 06:59:55.000','INTERNET',NULL,NULL,NULL,NULL),(933,6,26.68,58.6,19.95,13.37,'2017-07-22 00:02:56.453','2017-07-22 07:02:56.000','INTERNET',NULL,NULL,NULL,NULL),(934,6,25.95,45.96,84.05,17.47,'2017-07-22 00:05:56.008','2017-07-22 07:05:56.000','INTERNET',NULL,NULL,NULL,NULL),(935,6,25.35,62.28,29.33,59.22,'2017-07-22 00:08:55.961','2017-07-22 07:08:55.000','INTERNET',NULL,NULL,NULL,NULL),(936,6,26.76,47.37,23.6,51.39,'2017-07-22 00:11:55.981','2017-07-22 07:11:55.000','INTERNET',NULL,NULL,NULL,NULL),(937,6,26.1,51.11,62.41,46.48,'2017-07-22 00:14:55.856','2017-07-22 07:14:55.000','INTERNET',NULL,NULL,NULL,NULL),(938,6,26.02,55.33,68.16,44.7,'2017-07-22 00:17:56.010','2017-07-22 07:17:56.000','INTERNET',NULL,NULL,NULL,NULL),(939,6,25.61,52.48,15,48.08,'2017-07-22 00:20:55.978','2017-07-22 07:20:55.000','INTERNET',NULL,NULL,NULL,NULL),(940,6,26.28,60.09,74.55,24.54,'2017-07-22 00:23:55.980','2017-07-22 07:23:55.000','INTERNET',NULL,NULL,NULL,NULL),(941,6,26.94,61.13,66.53,11.35,'2017-07-22 00:26:55.984','2017-07-22 07:26:55.000','INTERNET',NULL,NULL,NULL,NULL),(942,6,25.97,57.71,60.98,65.13,'2017-07-22 00:29:55.912','2017-07-22 07:29:55.000','INTERNET',NULL,NULL,NULL,NULL),(943,6,26.56,47.51,83.89,63.11,'2017-07-22 00:32:56.032','2017-07-22 07:32:56.000','INTERNET',NULL,NULL,NULL,NULL),(944,6,25.19,57.04,53.57,10.94,'2017-07-22 00:35:56.074','2017-07-22 07:35:56.000','INTERNET',NULL,NULL,NULL,NULL),(945,6,26.13,45.73,60.33,40.45,'2017-07-22 00:38:56.011','2017-07-22 07:38:56.000','INTERNET',NULL,NULL,NULL,NULL),(946,6,26.09,44.31,27.65,36.86,'2017-07-22 00:41:56.488','2017-07-22 07:41:56.000','INTERNET',NULL,NULL,NULL,NULL),(947,6,26.21,45.34,17.52,63.65,'2017-07-22 00:53:06.274','2017-07-22 07:53:06.000','INTERNET',NULL,NULL,NULL,NULL),(948,6,26.86,49.01,37.27,12.13,'2017-07-22 00:56:06.261','2017-07-22 07:56:06.000','INTERNET',NULL,NULL,NULL,NULL),(949,6,25.08,63.12,68.35,45.39,'2017-07-22 00:59:06.139','2017-07-22 07:59:06.000','INTERNET',NULL,NULL,NULL,NULL),(950,6,26.39,50.64,33.82,74.97,'2017-07-22 01:02:06.113','2017-07-22 08:02:06.000','INTERNET',NULL,NULL,NULL,NULL),(951,6,26.42,52.57,44.13,54.25,'2017-07-22 01:05:06.269','2017-07-22 08:05:06.000','INTERNET',NULL,NULL,NULL,NULL),(952,6,26.96,45.92,78.14,69.76,'2017-07-22 01:08:06.263','2017-07-22 08:08:06.000','INTERNET',NULL,NULL,NULL,NULL),(953,6,25.56,58.88,21.68,16.68,'2017-07-22 01:11:06.727','2017-07-22 08:11:06.000','INTERNET',NULL,NULL,NULL,NULL),(954,6,26.64,57.18,61.13,20.24,'2017-07-22 01:14:06.249','2017-07-22 08:14:06.000','INTERNET',NULL,NULL,NULL,NULL),(955,6,26.94,63.96,73.12,46.76,'2017-07-22 01:17:06.344','2017-07-22 08:17:06.000','INTERNET',NULL,NULL,NULL,NULL),(956,6,26.95,52.95,10.21,45.45,'2017-07-22 01:20:06.248','2017-07-22 08:20:06.000','INTERNET',NULL,NULL,NULL,NULL),(957,6,25.9,59.3,39.31,60.03,'2017-07-22 01:23:06.415','2017-07-22 08:23:06.000','INTERNET',NULL,NULL,NULL,NULL),(958,6,26.08,64.42,32.92,45.47,'2017-07-22 01:26:06.246','2017-07-22 08:26:06.000','INTERNET',NULL,NULL,NULL,NULL),(959,6,25.1,51.81,35.42,20.83,'2017-07-22 01:29:06.258','2017-07-22 08:29:06.000','INTERNET',NULL,NULL,NULL,NULL),(960,6,25.69,51.11,38.99,65.16,'2017-07-22 01:32:06.720','2017-07-22 08:32:06.000','INTERNET',NULL,NULL,NULL,NULL),(961,6,26.97,59.74,51.91,21.39,'2017-07-22 01:35:06.160','2017-07-22 08:35:06.000','INTERNET',NULL,NULL,NULL,NULL),(962,6,26.26,47.97,67.3,74.02,'2017-07-22 01:38:06.291','2017-07-22 08:38:06.000','INTERNET',NULL,NULL,NULL,NULL),(963,6,25.47,62.74,80.96,42.74,'2017-07-22 01:41:06.248','2017-07-22 08:41:06.000','INTERNET',NULL,NULL,NULL,NULL),(964,6,25.48,62.11,17.52,18.37,'2017-07-22 01:44:06.378','2017-07-22 08:44:06.000','INTERNET',NULL,NULL,NULL,NULL),(965,6,26.36,57.4,76.44,39.6,'2017-07-22 01:47:06.641','2017-07-22 08:47:06.000','INTERNET',NULL,NULL,NULL,NULL),(966,6,25.16,58.76,50,28.56,'2017-07-22 01:50:06.250','2017-07-22 08:50:06.000','INTERNET',NULL,NULL,NULL,NULL),(967,6,26.46,62.46,51.9,21.84,'2017-07-22 01:53:06.731','2017-07-22 08:53:06.000','INTERNET',NULL,NULL,NULL,NULL),(968,6,25.49,49.44,21.13,50.12,'2017-07-22 01:56:06.315','2017-07-22 08:56:06.000','INTERNET',NULL,NULL,NULL,NULL),(969,6,25.63,51.13,40.48,25.48,'2017-07-22 01:59:06.241','2017-07-22 08:59:06.000','INTERNET',NULL,NULL,NULL,NULL),(970,6,25.3,56.9,62.99,63,'2017-07-22 02:02:06.593','2017-07-22 09:02:06.000','INTERNET',NULL,NULL,NULL,NULL),(971,6,25.6,55.56,72.95,28.34,'2017-07-22 02:05:06.248','2017-07-22 09:05:06.000','INTERNET',NULL,NULL,NULL,NULL),(972,6,26.52,49.8,22.36,38.57,'2017-07-22 02:08:06.334','2017-07-22 09:08:06.000','INTERNET',NULL,NULL,NULL,NULL),(973,6,25.5,61.58,58.75,19.14,'2017-07-22 02:11:06.302','2017-07-22 09:11:06.000','INTERNET',NULL,NULL,NULL,NULL),(974,6,25.58,64.05,40.93,39.1,'2017-07-22 02:14:06.253','2017-07-22 09:14:06.000','INTERNET',NULL,NULL,NULL,NULL),(975,6,26.61,53.32,15.61,22.54,'2017-07-22 02:17:06.302','2017-07-22 09:17:06.000','INTERNET',NULL,NULL,NULL,NULL),(976,6,26.12,46.08,36.34,42.41,'2017-07-22 02:20:06.270','2017-07-22 09:20:06.000','INTERNET',NULL,NULL,NULL,NULL),(977,6,19,19,19,19,'2017-07-22 08:32:40.810','2017-07-22 15:32:40.000','INTERNET',NULL,NULL,NULL,NULL),(978,6,38,38,38,38,'2017-07-22 08:36:30.753','2017-07-22 15:36:30.000','INTERNET',NULL,NULL,NULL,NULL),(979,6,19,19,19,19,'2017-07-22 08:37:10.632','2017-07-22 15:37:10.000','INTERNET',NULL,NULL,NULL,NULL),(980,6,19,19,19,19,'2017-07-22 08:39:30.798','2017-07-22 15:39:30.000','INTERNET',NULL,NULL,NULL,NULL),(981,6,19,19,19,19,'2017-07-22 08:41:10.783','2017-07-22 15:41:10.000','INTERNET',NULL,NULL,NULL,NULL),(982,6,19,19,19,19,'2017-07-22 08:44:50.700','2017-07-22 15:44:50.000','INTERNET',NULL,NULL,NULL,NULL),(983,6,19,19,19,19,'2017-07-22 08:45:40.866','2017-07-22 15:45:40.000','INTERNET',NULL,NULL,NULL,NULL),(984,6,25,25,25,25,'2017-07-22 08:46:30.844','2017-07-22 15:46:30.000','INTERNET',NULL,NULL,NULL,NULL),(985,6,19,19,19,19,'2017-07-22 08:50:40.939','2017-07-22 15:50:40.000','INTERNET',NULL,NULL,NULL,NULL),(986,6,19,19,19,19,'2017-07-22 08:51:20.786','2017-07-22 15:51:20.000','INTERNET',NULL,NULL,NULL,NULL),(987,6,19,19,19,19,'2017-07-22 08:53:20.865','2017-07-22 15:53:20.000','INTERNET',NULL,NULL,NULL,NULL),(988,6,23,23,23,23,'2017-07-22 08:56:30.817','2017-07-22 15:56:30.000','INTERNET',NULL,NULL,NULL,NULL),(989,6,19,19,19,19,'2017-07-22 08:58:40.974','2017-07-22 15:58:40.000','INTERNET',NULL,NULL,NULL,NULL),(990,6,19,19,19,19,'2017-07-22 08:59:41.030','2017-07-22 15:59:41.000','INTERNET',NULL,NULL,NULL,NULL),(991,6,19,19,19,19,'2017-07-22 09:06:21.073','2017-07-22 16:06:21.000','INTERNET',NULL,NULL,NULL,NULL),(992,6,25,25,25,25,'2017-07-22 09:06:30.946','2017-07-22 16:06:30.000','INTERNET',NULL,NULL,NULL,NULL),(993,6,19,19,19,19,'2017-07-22 09:12:11.208','2017-07-22 16:12:11.000','INTERNET',NULL,NULL,NULL,NULL),(994,6,19,19,19,19,'2017-07-22 09:12:51.198','2017-07-22 16:12:51.000','INTERNET',NULL,NULL,NULL,NULL),(995,6,19,19,19,19,'2017-07-22 09:13:31.167','2017-07-22 16:13:31.000','INTERNET',NULL,NULL,NULL,NULL),(996,6,19,19,19,19,'2017-07-22 09:14:21.159','2017-07-22 16:14:21.000','INTERNET',NULL,NULL,NULL,NULL),(997,6,40,40,40,40,'2017-07-22 09:16:31.199','2017-07-22 16:16:31.000','INTERNET',NULL,NULL,NULL,NULL),(998,6,19,19,19,19,'2017-07-22 09:17:01.184','2017-07-22 16:17:01.000','INTERNET',NULL,NULL,NULL,NULL),(999,6,19,19,19,19,'2017-07-22 09:17:21.205','2017-07-22 16:17:21.000','INTERNET',NULL,NULL,NULL,NULL),(1000,6,19,19,19,19,'2017-07-22 09:18:21.212','2017-07-22 16:18:21.000','INTERNET',NULL,NULL,NULL,NULL),(1001,6,19,19,19,19,'2017-07-22 09:24:11.302','2017-07-22 16:24:11.000','INTERNET',NULL,NULL,NULL,NULL),(1002,6,19,19,19,19,'2017-07-22 09:25:41.304','2017-07-22 16:25:41.000','INTERNET',NULL,NULL,NULL,NULL),(1003,6,30,30,30,30,'2017-07-22 09:26:31.171','2017-07-22 16:26:31.000','INTERNET',NULL,NULL,NULL,NULL),(1004,6,19,19,19,19,'2017-07-22 09:29:01.338','2017-07-22 16:29:01.000','INTERNET',NULL,NULL,NULL,NULL),(1005,6,35,35,35,35,'2017-07-22 09:36:31.437','2017-07-22 16:36:31.000','INTERNET',NULL,NULL,NULL,NULL),(1006,6,19,19,19,19,'2017-07-22 09:41:01.478','2017-07-22 16:41:01.000','INTERNET',NULL,NULL,NULL,NULL),(1007,6,19,19,19,19,'2017-07-22 09:42:41.501','2017-07-22 16:42:41.000','INTERNET',NULL,NULL,NULL,NULL),(1008,6,19,19,19,19,'2017-07-22 09:46:31.411','2017-07-22 16:46:31.000','INTERNET',NULL,NULL,NULL,NULL),(1009,6,19,19,19,19,'2017-07-22 09:48:21.602','2017-07-22 16:48:21.000','INTERNET',NULL,NULL,NULL,NULL),(1010,6,19,19,19,19,'2017-07-22 09:49:11.563','2017-07-22 16:49:11.000','INTERNET',NULL,NULL,NULL,NULL),(1011,6,19,19,19,19,'2017-07-22 09:49:41.583','2017-07-22 16:49:41.000','INTERNET',NULL,NULL,NULL,NULL),(1012,6,19,19,19,19,'2017-07-22 09:53:01.601','2017-07-22 16:53:01.000','INTERNET',NULL,NULL,NULL,NULL),(1013,6,32,32,32,32,'2017-07-22 09:56:31.718','2017-07-22 16:56:31.000','INTERNET',NULL,NULL,NULL,NULL),(1014,6,19,19,19,19,'2017-07-22 10:05:11.811','2017-07-22 17:05:11.000','INTERNET',NULL,NULL,NULL,NULL),(1015,6,28,28,28,28,'2017-07-22 10:06:31.751','2017-07-22 17:06:31.000','INTERNET',NULL,NULL,NULL,NULL),(1016,6,19,19,19,19,'2017-07-22 10:09:11.781','2017-07-22 17:09:11.000','INTERNET',NULL,NULL,NULL,NULL),(1017,6,19,19,19,19,'2017-07-22 10:11:21.807','2017-07-22 17:11:21.000','INTERNET',NULL,NULL,NULL,NULL),(1018,6,19,19,19,19,'2017-07-22 10:14:51.946','2017-07-22 17:14:51.000','INTERNET',NULL,NULL,NULL,NULL),(1019,6,31,31,31,31,'2017-07-22 10:16:31.964','2017-07-22 17:16:31.000','INTERNET',NULL,NULL,NULL,NULL),(1020,6,19,19,19,19,'2017-07-22 10:20:01.926','2017-07-22 17:20:01.000','INTERNET',NULL,NULL,NULL,NULL),(1021,6,19,19,19,19,'2017-07-22 10:26:12.001','2017-07-22 17:26:11.000','INTERNET',NULL,NULL,NULL,NULL),(1022,6,27,27,27,27,'2017-07-22 10:26:31.987','2017-07-22 17:26:31.000','INTERNET',NULL,NULL,NULL,NULL),(1023,6,19,19,19,19,'2017-07-22 10:30:11.935','2017-07-22 17:30:11.000','INTERNET',NULL,NULL,NULL,NULL),(1024,6,19,19,19,19,'2017-07-22 10:34:22.089','2017-07-22 17:34:22.000','INTERNET',NULL,NULL,NULL,NULL),(1025,6,19,19,19,19,'2017-07-22 10:35:52.115','2017-07-22 17:35:52.000','INTERNET',NULL,NULL,NULL,NULL),(1026,6,32,32,32,32,'2017-07-22 10:36:32.120','2017-07-22 17:36:32.000','INTERNET',NULL,NULL,NULL,NULL),(1027,6,19,19,19,19,'2017-07-22 10:40:32.177','2017-07-22 17:40:32.000','INTERNET',NULL,NULL,NULL,NULL),(1028,6,19,19,19,19,'2017-07-22 10:45:52.237','2017-07-22 17:45:52.000','INTERNET',NULL,NULL,NULL,NULL),(1029,6,19,19,19,19,'2017-07-22 10:46:02.100','2017-07-22 17:46:02.000','INTERNET',NULL,NULL,NULL,NULL),(1030,6,40,40,40,40,'2017-07-22 10:46:32.221','2017-07-22 17:46:32.000','INTERNET',NULL,NULL,NULL,NULL),(1031,6,34,34,34,34,'2017-07-22 10:56:32.354','2017-07-22 17:56:32.000','INTERNET',NULL,NULL,NULL,NULL),(1032,6,19,19,19,19,'2017-07-22 10:57:12.232','2017-07-22 17:57:12.000','INTERNET',NULL,NULL,NULL,NULL),(1033,6,19,19,19,19,'2017-07-22 10:59:52.375','2017-07-22 17:59:52.000','INTERNET',NULL,NULL,NULL,NULL),(1034,6,19,19,19,19,'2017-07-22 11:02:12.412','2017-07-22 18:02:12.000','INTERNET',NULL,NULL,NULL,NULL),(1035,6,22,22,22,22,'2017-07-22 11:06:32.460','2017-07-22 18:06:32.000','INTERNET',NULL,NULL,NULL,NULL),(1036,6,19,19,19,19,'2017-07-22 11:09:12.537','2017-07-22 18:09:12.000','INTERNET',NULL,NULL,NULL,NULL),(1037,6,19,19,19,19,'2017-07-22 11:10:12.432','2017-07-22 18:10:12.000','INTERNET',NULL,NULL,NULL,NULL),(1038,6,19,19,19,19,'2017-07-22 11:13:42.648','2017-07-22 18:13:42.000','INTERNET',NULL,NULL,NULL,NULL),(1039,6,28,28,28,28,'2017-07-22 11:16:32.487','2017-07-22 18:16:32.000','INTERNET',NULL,NULL,NULL,NULL),(1040,6,19,19,19,19,'2017-07-22 11:21:22.651','2017-07-22 18:21:22.000','INTERNET',NULL,NULL,NULL,NULL),(1041,6,19,19,19,19,'2017-07-22 11:24:12.851','2017-07-22 18:24:12.000','INTERNET',NULL,NULL,NULL,NULL),(1042,6,19,19,19,19,'2017-07-22 11:24:32.696','2017-07-22 18:24:32.000','INTERNET',NULL,NULL,NULL,NULL),(1043,6,25,25,25,25,'2017-07-22 11:26:32.722','2017-07-22 18:26:32.000','INTERNET',NULL,NULL,NULL,NULL),(1044,6,19,19,19,19,'2017-07-22 11:26:42.589','2017-07-22 18:26:42.000','INTERNET',NULL,NULL,NULL,NULL),(1045,6,19,19,19,19,'2017-07-22 11:34:02.676','2017-07-22 18:34:02.000','INTERNET',NULL,NULL,NULL,NULL),(1046,6,19,19,19,19,'2017-07-22 11:36:32.836','2017-07-22 18:36:32.000','INTERNET',NULL,NULL,NULL,NULL),(1047,6,19,19,19,19,'2017-07-22 11:37:12.868','2017-07-22 18:37:12.000','INTERNET',NULL,NULL,NULL,NULL),(1048,6,19,19,19,19,'2017-07-22 11:45:42.935','2017-07-22 18:45:42.000','INTERNET',NULL,NULL,NULL,NULL),(1049,6,19,19,19,19,'2017-07-22 11:46:12.845','2017-07-22 18:46:12.000','INTERNET',NULL,NULL,NULL,NULL),(1050,6,27,27,27,27,'2017-07-22 11:46:33.094','2017-07-22 18:46:33.000','INTERNET',NULL,NULL,NULL,NULL),(1051,6,19,19,19,19,'2017-07-22 11:46:52.834','2017-07-22 18:46:52.000','INTERNET',NULL,NULL,NULL,NULL),(1052,6,19,19,19,19,'2017-07-22 11:50:52.994','2017-07-22 18:50:52.000','INTERNET',NULL,NULL,NULL,NULL),(1053,6,19,19,19,19,'2017-07-22 11:51:23.092','2017-07-22 18:51:23.000','INTERNET',NULL,NULL,NULL,NULL),(1054,6,31,31,31,31,'2017-07-22 11:56:33.138','2017-07-22 18:56:33.000','INTERNET',NULL,NULL,NULL,NULL),(1055,6,19,19,19,19,'2017-07-22 11:59:13.119','2017-07-22 18:59:13.000','INTERNET',NULL,NULL,NULL,NULL),(1056,6,19,19,19,19,'2017-07-22 11:59:22.987','2017-07-22 18:59:22.000','INTERNET',NULL,NULL,NULL,NULL),(1057,6,19,19,19,19,'2017-07-22 12:01:13.153','2017-07-22 19:01:13.000','INTERNET',NULL,NULL,NULL,NULL),(1058,6,19,19,19,19,'2017-07-22 12:02:33.267','2017-07-22 19:02:33.000','INTERNET',NULL,NULL,NULL,NULL),(1059,6,34,34,34,34,'2017-07-22 12:06:33.261','2017-07-22 19:06:33.000','INTERNET',NULL,NULL,NULL,NULL),(1060,6,19,19,19,19,'2017-07-22 12:10:13.273','2017-07-22 19:10:13.000','INTERNET',NULL,NULL,NULL,NULL),(1061,6,23,23,23,23,'2017-07-22 12:16:33.204','2017-07-22 19:16:33.000','INTERNET',NULL,NULL,NULL,NULL),(1062,6,19,19,19,19,'2017-07-22 12:17:03.319','2017-07-22 19:17:03.000','INTERNET',NULL,NULL,NULL,NULL),(1063,6,19,19,19,19,'2017-07-22 12:17:23.347','2017-07-22 19:17:23.000','INTERNET',NULL,NULL,NULL,NULL),(1064,6,19,19,19,19,'2017-07-22 12:23:33.290','2017-07-22 19:23:33.000','INTERNET',NULL,NULL,NULL,NULL),(1065,6,19,19,19,19,'2017-07-22 12:25:13.319','2017-07-22 19:25:13.000','INTERNET',NULL,NULL,NULL,NULL),(1066,6,26,26,26,26,'2017-07-22 12:26:33.433','2017-07-22 19:26:33.000','INTERNET',NULL,NULL,NULL,NULL),(1067,6,19,19,19,19,'2017-07-22 12:30:23.546','2017-07-22 19:30:23.000','INTERNET',NULL,NULL,NULL,NULL),(1068,6,19,19,19,19,'2017-07-22 12:31:23.383','2017-07-22 19:31:23.000','INTERNET',NULL,NULL,NULL,NULL),(1069,6,19,19,19,19,'2017-07-22 12:35:53.530','2017-07-22 19:35:53.000','INTERNET',NULL,NULL,NULL,NULL),(1070,6,20,20,20,20,'2017-07-22 12:36:33.594','2017-07-22 19:36:33.000','INTERNET',NULL,NULL,NULL,NULL),(1071,6,19,19,19,19,'2017-07-22 12:39:13.585','2017-07-22 19:39:13.000','INTERNET',NULL,NULL,NULL,NULL),(1072,6,19,19,19,19,'2017-07-22 12:44:03.600','2017-07-22 19:44:03.000','INTERNET',NULL,NULL,NULL,NULL),(1073,6,19,19,19,19,'2017-07-22 12:45:03.675','2017-07-22 19:45:03.000','INTERNET',NULL,NULL,NULL,NULL),(1074,6,40,40,40,40,'2017-07-22 12:46:33.875','2017-07-22 19:46:33.000','INTERNET',NULL,NULL,NULL,NULL),(1075,6,19,19,19,19,'2017-07-22 12:48:53.929','2017-07-22 19:48:53.000','INTERNET',NULL,NULL,NULL,NULL),(1076,6,19,19,19,19,'2017-07-22 12:53:13.732','2017-07-22 19:53:13.000','INTERNET',NULL,NULL,NULL,NULL),(1077,6,19,19,19,19,'2017-07-22 12:55:43.765','2017-07-22 19:55:43.000','INTERNET',NULL,NULL,NULL,NULL),(1078,6,36,36,36,36,'2017-07-22 12:56:33.789','2017-07-22 19:56:33.000','INTERNET',NULL,NULL,NULL,NULL),(1079,6,22,22,22,22,'2017-07-22 13:06:33.931','2017-07-22 20:06:33.000','INTERNET',NULL,NULL,NULL,NULL),(1080,6,19,19,19,19,'2017-07-22 13:07:13.925','2017-07-22 20:07:13.000','INTERNET',NULL,NULL,NULL,NULL),(1081,6,19,19,19,19,'2017-07-22 13:08:03.959','2017-07-22 20:08:03.000','INTERNET',NULL,NULL,NULL,NULL),(1082,6,19,19,19,19,'2017-07-22 13:08:53.978','2017-07-22 20:08:53.000','INTERNET',NULL,NULL,NULL,NULL),(1083,6,19,19,19,19,'2017-07-22 13:14:24.020','2017-07-22 20:14:24.000','INTERNET',NULL,NULL,NULL,NULL),(1084,6,23,23,23,23,'2017-07-22 13:16:34.038','2017-07-22 20:16:34.000','INTERNET',NULL,NULL,NULL,NULL),(1085,6,19,19,19,19,'2017-07-22 13:22:44.125','2017-07-22 20:22:44.000','INTERNET',NULL,NULL,NULL,NULL),(1086,6,19,19,19,19,'2017-07-22 13:23:24.136','2017-07-22 20:23:24.000','INTERNET',NULL,NULL,NULL,NULL),(1087,6,19,19,19,19,'2017-07-22 13:24:04.168','2017-07-22 20:24:04.000','INTERNET',NULL,NULL,NULL,NULL),(1088,6,37,37,37,37,'2017-07-22 13:26:34.034','2017-07-22 20:26:34.000','INTERNET',NULL,NULL,NULL,NULL),(1089,6,19,19,19,19,'2017-07-22 13:26:44.038','2017-07-22 20:26:44.000','INTERNET',NULL,NULL,NULL,NULL),(1090,6,19,19,19,19,'2017-07-22 13:33:14.311','2017-07-22 20:33:14.000','INTERNET',NULL,NULL,NULL,NULL),(1091,6,28,28,28,28,'2017-07-22 13:36:34.258','2017-07-22 20:36:34.000','INTERNET',NULL,NULL,NULL,NULL),(1092,6,19,19,19,19,'2017-07-22 13:40:24.366','2017-07-22 20:40:24.000','INTERNET',NULL,NULL,NULL,NULL),(1093,6,36,36,36,36,'2017-07-22 13:46:34.395','2017-07-22 20:46:34.000','INTERNET',NULL,NULL,NULL,NULL),(1094,6,19,19,19,19,'2017-07-22 13:48:54.462','2017-07-22 20:48:54.000','INTERNET',NULL,NULL,NULL,NULL),(1095,6,39,39,39,39,'2017-07-22 13:56:34.562','2017-07-22 20:56:34.000','INTERNET',NULL,NULL,NULL,NULL),(1096,6,19,19,19,19,'2017-07-22 13:57:34.609','2017-07-22 20:57:34.000','INTERNET',NULL,NULL,NULL,NULL),(1097,6,19,19,19,19,'2017-07-22 14:02:34.466','2017-07-22 21:02:34.000','INTERNET',NULL,NULL,NULL,NULL),(1098,6,19,19,19,19,'2017-07-22 14:05:14.616','2017-07-22 21:05:14.000','INTERNET',NULL,NULL,NULL,NULL),(1099,6,19,19,19,19,'2017-07-22 14:05:44.685','2017-07-22 21:05:44.000','INTERNET',NULL,NULL,NULL,NULL),(1100,6,36,36,36,36,'2017-07-22 14:06:34.616','2017-07-22 21:06:34.000','INTERNET',NULL,NULL,NULL,NULL),(1101,6,19,19,19,19,'2017-07-22 14:07:14.523','2017-07-22 21:07:14.000','INTERNET',NULL,NULL,NULL,NULL),(1102,6,19,19,19,19,'2017-07-22 14:08:44.651','2017-07-22 21:08:44.000','INTERNET',NULL,NULL,NULL,NULL),(1103,6,19,19,19,19,'2017-07-22 14:08:54.550','2017-07-22 21:08:54.000','INTERNET',NULL,NULL,NULL,NULL),(1104,6,19,19,19,19,'2017-07-22 14:15:24.705','2017-07-22 21:15:24.000','INTERNET',NULL,NULL,NULL,NULL),(1105,6,27,27,27,27,'2017-07-22 14:16:34.743','2017-07-22 21:16:34.000','INTERNET',NULL,NULL,NULL,NULL),(1106,6,19,19,19,19,'2017-07-22 14:19:04.739','2017-07-22 21:19:04.000','INTERNET',NULL,NULL,NULL,NULL),(1107,6,19,19,19,19,'2017-07-22 14:25:44.777','2017-07-22 21:25:44.000','INTERNET',NULL,NULL,NULL,NULL),(1108,6,25,25,25,25,'2017-07-22 14:26:34.657','2017-07-22 21:26:34.000','INTERNET',NULL,NULL,NULL,NULL),(1109,6,19,19,19,19,'2017-07-22 14:30:14.859','2017-07-22 21:30:14.000','INTERNET',NULL,NULL,NULL,NULL),(1110,6,23,23,23,23,'2017-07-22 14:36:34.773','2017-07-22 21:36:34.000','INTERNET',NULL,NULL,NULL,NULL),(1111,6,19,19,19,19,'2017-07-22 14:37:24.921','2017-07-22 21:37:24.000','INTERNET',NULL,NULL,NULL,NULL),(1112,6,19,19,19,19,'2017-07-22 14:47:39.022','2017-07-22 21:47:39.000','INTERNET',NULL,NULL,NULL,NULL),(1113,6,37,37,37,37,'2017-07-22 14:50:18.989','2017-07-22 21:50:18.000','INTERNET',NULL,NULL,NULL,NULL),(1114,6,19,19,19,19,'2017-07-22 14:52:08.905','2017-07-22 21:52:08.000','INTERNET',NULL,NULL,NULL,NULL),(1115,6,19,19,19,19,'2017-07-22 14:53:19.048','2017-07-22 21:53:19.000','INTERNET',NULL,NULL,NULL,NULL),(1116,6,19,19,19,19,'2017-07-22 14:53:28.897','2017-07-22 21:53:28.000','INTERNET',NULL,NULL,NULL,NULL),(1117,6,19,19,19,19,'2017-07-22 14:58:38.967','2017-07-22 21:58:38.000','INTERNET',NULL,NULL,NULL,NULL),(1118,6,40,40,40,40,'2017-07-22 15:00:19.095','2017-07-22 22:00:19.000','INTERNET',NULL,NULL,NULL,NULL),(1119,6,19,19,19,19,'2017-07-22 15:06:29.183','2017-07-22 22:06:29.000','INTERNET',NULL,NULL,NULL,NULL),(1120,6,34,34,34,34,'2017-07-22 15:11:43.470','2017-07-22 22:11:43.000','INTERNET',NULL,NULL,NULL,NULL),(1121,6,19,19,19,19,'2017-07-22 15:16:23.604','2017-07-22 22:16:23.000','INTERNET',NULL,NULL,NULL,NULL),(1122,6,23,23,23,23,'2017-07-22 15:21:43.705','2017-07-22 22:21:43.000','INTERNET',NULL,NULL,NULL,NULL),(1123,6,19,19,19,19,'2017-07-22 15:22:13.675','2017-07-22 22:22:13.000','INTERNET',NULL,NULL,NULL,NULL),(1124,6,19,19,19,19,'2017-07-22 15:24:23.690','2017-07-22 22:24:23.000','INTERNET',NULL,NULL,NULL,NULL),(1125,6,25,25,25,25,'2017-07-22 15:31:43.792','2017-07-22 22:31:43.000','INTERNET',NULL,NULL,NULL,NULL),(1126,6,19,19,19,19,'2017-07-22 15:35:43.790','2017-07-22 22:35:43.000','INTERNET',NULL,NULL,NULL,NULL),(1127,6,19,19,19,19,'2017-07-22 15:37:03.815','2017-07-22 22:37:03.000','INTERNET',NULL,NULL,NULL,NULL),(1128,6,27,27,27,27,'2017-07-22 15:41:43.842','2017-07-22 22:41:43.000','INTERNET',NULL,NULL,NULL,NULL),(1129,6,19,19,19,19,'2017-07-22 15:42:33.909','2017-07-22 22:42:33.000','INTERNET',NULL,NULL,NULL,NULL),(1130,6,19,19,19,19,'2017-07-22 15:44:03.908','2017-07-22 22:44:03.000','INTERNET',NULL,NULL,NULL,NULL),(1131,6,19,19,19,19,'2017-07-22 15:48:33.949','2017-07-22 22:48:33.000','INTERNET',NULL,NULL,NULL,NULL),(1132,6,19,19,19,19,'2017-07-22 15:48:53.943','2017-07-22 22:48:53.000','INTERNET',NULL,NULL,NULL,NULL),(1133,6,34,34,34,34,'2017-07-22 15:51:44.004','2017-07-22 22:51:43.000','INTERNET',NULL,NULL,NULL,NULL),(1134,6,19,19,19,19,'2017-07-22 15:58:44.130','2017-07-22 22:58:44.000','INTERNET',NULL,NULL,NULL,NULL),(1135,6,33,33,33,33,'2017-07-22 16:01:44.138','2017-07-22 23:01:44.000','INTERNET',NULL,NULL,NULL,NULL),(1136,6,19,19,19,19,'2017-07-22 16:07:34.162','2017-07-22 23:07:34.000','INTERNET',NULL,NULL,NULL,NULL),(1137,6,19,19,19,19,'2017-07-22 16:09:24.176','2017-07-22 23:09:24.000','INTERNET',NULL,NULL,NULL,NULL),(1138,6,19,19,19,19,'2017-07-22 16:09:44.188','2017-07-22 23:09:44.000','INTERNET',NULL,NULL,NULL,NULL),(1139,6,19,19,19,19,'2017-07-22 16:10:14.159','2017-07-22 23:10:14.000','INTERNET',NULL,NULL,NULL,NULL),(1140,6,35,35,35,35,'2017-07-22 16:11:44.263','2017-07-22 23:11:44.000','INTERNET',NULL,NULL,NULL,NULL),(1141,6,19,19,19,19,'2017-07-22 16:12:14.187','2017-07-22 23:12:14.000','INTERNET',NULL,NULL,NULL,NULL),(1142,6,19,19,19,19,'2017-07-22 16:18:04.255','2017-07-22 23:18:04.000','INTERNET',NULL,NULL,NULL,NULL),(1143,6,22,22,22,22,'2017-07-22 16:21:44.320','2017-07-22 23:21:44.000','INTERNET',NULL,NULL,NULL,NULL),(1144,6,19,19,19,19,'2017-07-22 16:23:44.318','2017-07-22 23:23:44.000','INTERNET',NULL,NULL,NULL,NULL),(1145,6,19,19,19,19,'2017-07-22 16:24:54.347','2017-07-22 23:24:54.000','INTERNET',NULL,NULL,NULL,NULL),(1146,6,19,19,19,19,'2017-07-22 16:26:34.368','2017-07-22 23:26:34.000','INTERNET',NULL,NULL,NULL,NULL),(1147,6,19,19,19,19,'2017-07-22 16:28:24.405','2017-07-22 23:28:24.000','INTERNET',NULL,NULL,NULL,NULL),(1148,6,38,38,38,38,'2017-07-22 16:31:44.412','2017-07-22 23:31:44.000','INTERNET',NULL,NULL,NULL,NULL),(1149,6,19,19,19,19,'2017-07-22 16:36:44.489','2017-07-22 23:36:44.000','INTERNET',NULL,NULL,NULL,NULL),(1150,6,19,19,19,19,'2017-07-22 16:37:54.386','2017-07-22 23:37:54.000','INTERNET',NULL,NULL,NULL,NULL),(1151,6,19,19,19,19,'2017-07-22 16:38:24.501','2017-07-22 23:38:24.000','INTERNET',NULL,NULL,NULL,NULL),(1152,6,32,32,32,32,'2017-07-22 16:41:44.585','2017-07-22 23:41:44.000','INTERNET',NULL,NULL,NULL,NULL),(1153,6,19,19,19,19,'2017-07-22 16:42:34.579','2017-07-22 23:42:34.000','INTERNET',NULL,NULL,NULL,NULL),(1154,6,19,19,19,19,'2017-07-22 16:44:34.612','2017-07-22 23:44:34.000','INTERNET',NULL,NULL,NULL,NULL),(1155,6,19,19,19,19,'2017-07-22 16:45:34.489','2017-07-22 23:45:34.000','INTERNET',NULL,NULL,NULL,NULL),(1156,6,19,19,19,19,'2017-07-22 16:45:44.486','2017-07-22 23:45:44.000','INTERNET',NULL,NULL,NULL,NULL),(1157,6,19,19,19,19,'2017-07-22 16:48:24.700','2017-07-22 23:48:24.000','INTERNET',NULL,NULL,NULL,NULL),(1158,6,19,19,19,19,'2017-07-22 16:50:54.545','2017-07-22 23:50:54.000','INTERNET',NULL,NULL,NULL,NULL),(1159,6,20,20,20,20,'2017-07-22 16:51:44.717','2017-07-22 23:51:44.000','INTERNET',NULL,NULL,NULL,NULL),(1160,6,19,19,19,19,'2017-07-22 17:00:24.657','2017-07-23 00:00:24.000','INTERNET',NULL,NULL,NULL,NULL),(1161,6,19,19,19,19,'2017-07-22 17:01:34.803','2017-07-23 00:01:34.000','INTERNET',NULL,NULL,NULL,NULL),(1162,6,37,37,37,37,'2017-07-22 17:01:44.668','2017-07-23 00:01:44.000','INTERNET',NULL,NULL,NULL,NULL),(1163,6,19,19,19,19,'2017-07-22 17:03:04.685','2017-07-23 00:03:04.000','INTERNET',NULL,NULL,NULL,NULL),(1164,6,19,19,19,19,'2017-07-22 17:06:04.857','2017-07-23 00:06:04.000','INTERNET',NULL,NULL,NULL,NULL),(1165,6,19,19,19,19,'2017-07-22 17:07:04.724','2017-07-23 00:07:04.000','INTERNET',NULL,NULL,NULL,NULL),(1166,6,19,19,19,19,'2017-07-22 17:07:54.841','2017-07-23 00:07:54.000','INTERNET',NULL,NULL,NULL,NULL),(1167,6,19,19,19,19,'2017-07-22 17:09:14.869','2017-07-23 00:09:14.000','INTERNET',NULL,NULL,NULL,NULL),(1168,6,23,23,23,23,'2017-07-22 17:11:44.964','2017-07-23 00:11:44.000','INTERNET',NULL,NULL,NULL,NULL),(1169,6,24,24,24,24,'2017-07-22 17:21:45.010','2017-07-23 00:21:45.000','INTERNET',NULL,NULL,NULL,NULL),(1170,6,19,19,19,19,'2017-07-22 17:23:05.070','2017-07-23 00:23:05.000','INTERNET',NULL,NULL,NULL,NULL),(1171,6,19,19,19,19,'2017-07-22 17:26:55.068','2017-07-23 00:26:55.000','INTERNET',NULL,NULL,NULL,NULL),(1172,6,19,19,19,19,'2017-07-22 17:30:55.145','2017-07-23 00:30:55.000','INTERNET',NULL,NULL,NULL,NULL),(1173,6,37,37,37,37,'2017-07-22 17:31:45.154','2017-07-23 00:31:45.000','INTERNET',NULL,NULL,NULL,NULL),(1174,6,19,19,19,19,'2017-07-22 17:32:35.145','2017-07-23 00:32:35.000','INTERNET',NULL,NULL,NULL,NULL),(1175,6,19,19,19,19,'2017-07-22 17:40:05.243','2017-07-23 00:40:05.000','INTERNET',NULL,NULL,NULL,NULL),(1176,6,21,21,21,21,'2017-07-22 17:41:45.267','2017-07-23 00:41:45.000','INTERNET',NULL,NULL,NULL,NULL),(1177,6,19,19,19,19,'2017-07-22 17:44:15.166','2017-07-23 00:44:15.000','INTERNET',NULL,NULL,NULL,NULL),(1178,6,19,19,19,19,'2017-07-22 17:45:05.192','2017-07-23 00:45:05.000','INTERNET',NULL,NULL,NULL,NULL),(1179,6,19,19,19,19,'2017-07-22 17:45:15.201','2017-07-23 00:45:15.000','INTERNET',NULL,NULL,NULL,NULL),(1180,6,35,35,35,35,'2017-07-22 17:51:45.378','2017-07-23 00:51:45.000','INTERNET',NULL,NULL,NULL,NULL),(1181,6,19,19,19,19,'2017-07-22 17:54:35.414','2017-07-23 00:54:35.000','INTERNET',NULL,NULL,NULL,NULL),(1182,6,19,19,19,19,'2017-07-22 17:56:15.533','2017-07-23 00:56:15.000','INTERNET',NULL,NULL,NULL,NULL),(1183,6,19,19,19,19,'2017-07-22 17:58:45.507','2017-07-23 00:58:45.000','INTERNET',NULL,NULL,NULL,NULL),(1184,6,32,32,32,32,'2017-07-22 18:01:45.578','2017-07-23 01:01:45.000','INTERNET',NULL,NULL,NULL,NULL),(1185,6,19,19,19,19,'2017-07-22 18:09:25.605','2017-07-23 01:09:25.000','INTERNET',NULL,NULL,NULL,NULL),(1186,6,27,27,27,27,'2017-07-22 18:11:45.695','2017-07-23 01:11:45.000','INTERNET',NULL,NULL,NULL,NULL),(1187,6,19,19,19,19,'2017-07-22 18:12:15.512','2017-07-23 01:12:15.000','INTERNET',NULL,NULL,NULL,NULL),(1188,6,19,19,19,19,'2017-07-22 18:15:35.667','2017-07-23 01:15:35.000','INTERNET',NULL,NULL,NULL,NULL),(1189,6,19,19,19,19,'2017-07-22 18:16:25.687','2017-07-23 01:16:25.000','INTERNET',NULL,NULL,NULL,NULL),(1190,6,19,19,19,19,'2017-07-22 18:18:45.724','2017-07-23 01:18:45.000','INTERNET',NULL,NULL,NULL,NULL),(1191,6,19,19,19,19,'2017-07-22 18:20:15.739','2017-07-23 01:20:15.000','INTERNET',NULL,NULL,NULL,NULL),(1192,6,19,19,19,19,'2017-07-22 18:21:25.762','2017-07-23 01:21:25.000','INTERNET',NULL,NULL,NULL,NULL),(1193,6,20,20,20,20,'2017-07-22 18:21:45.750','2017-07-23 01:21:45.000','INTERNET',NULL,NULL,NULL,NULL),(1194,6,19,19,19,19,'2017-07-22 18:25:35.813','2017-07-23 01:25:35.000','INTERNET',NULL,NULL,NULL,NULL),(1195,6,19,19,19,19,'2017-07-22 18:30:25.846','2017-07-23 01:30:25.000','INTERNET',NULL,NULL,NULL,NULL),(1196,6,25,25,25,25,'2017-07-22 18:31:45.871','2017-07-23 01:31:45.000','INTERNET',NULL,NULL,NULL,NULL),(1197,6,19,19,19,19,'2017-07-22 18:34:25.909','2017-07-23 01:34:25.000','INTERNET',NULL,NULL,NULL,NULL),(1198,6,19,19,19,19,'2017-07-22 18:35:15.925','2017-07-23 01:35:15.000','INTERNET',NULL,NULL,NULL,NULL),(1199,6,19,19,19,19,'2017-07-22 18:35:55.915','2017-07-23 01:35:55.000','INTERNET',NULL,NULL,NULL,NULL),(1200,6,19,19,19,19,'2017-07-22 18:36:05.807','2017-07-23 01:36:05.000','INTERNET',NULL,NULL,NULL,NULL),(1201,6,19,19,19,19,'2017-07-22 18:39:55.963','2017-07-23 01:39:55.000','INTERNET',NULL,NULL,NULL,NULL),(1202,6,19,19,19,19,'2017-07-22 18:40:45.966','2017-07-23 01:40:45.000','INTERNET',NULL,NULL,NULL,NULL),(1203,6,19,19,19,19,'2017-07-22 18:41:25.990','2017-07-23 01:41:25.000','INTERNET',NULL,NULL,NULL,NULL),(1204,6,27,27,27,27,'2017-07-22 18:41:45.976','2017-07-23 01:41:45.000','INTERNET',NULL,NULL,NULL,NULL),(1205,6,19,19,19,19,'2017-07-22 18:43:36.015','2017-07-23 01:43:36.000','INTERNET',NULL,NULL,NULL,NULL),(1206,6,19,19,19,19,'2017-07-22 18:45:25.910','2017-07-23 01:45:25.000','INTERNET',NULL,NULL,NULL,NULL),(1207,6,32,32,32,32,'2017-07-22 18:51:46.131','2017-07-23 01:51:46.000','INTERNET',NULL,NULL,NULL,NULL),(1208,6,19,19,19,19,'2017-07-22 18:55:26.156','2017-07-23 01:55:26.000','INTERNET',NULL,NULL,NULL,NULL),(1209,6,19,19,19,19,'2017-07-22 18:58:06.192','2017-07-23 01:58:06.000','INTERNET',NULL,NULL,NULL,NULL),(1210,6,19,19,19,19,'2017-07-22 18:58:26.290','2017-07-23 01:58:26.000','INTERNET',NULL,NULL,NULL,NULL),(1211,6,40,40,40,40,'2017-07-22 19:01:46.246','2017-07-23 02:01:46.000','INTERNET',NULL,NULL,NULL,NULL),(1212,6,19,19,19,19,'2017-07-22 19:02:36.311','2017-07-23 02:02:36.000','INTERNET',NULL,NULL,NULL,NULL),(1213,6,19,19,19,19,'2017-07-22 19:04:26.269','2017-07-23 02:04:26.000','INTERNET',NULL,NULL,NULL,NULL),(1214,6,19,19,19,19,'2017-07-22 19:06:56.293','2017-07-23 02:06:56.000','INTERNET',NULL,NULL,NULL,NULL),(1215,6,19,19,19,19,'2017-07-22 19:08:46.364','2017-07-23 02:08:46.000','INTERNET',NULL,NULL,NULL,NULL),(1216,6,26,26,26,26,'2017-07-22 19:11:46.386','2017-07-23 02:11:46.000','INTERNET',NULL,NULL,NULL,NULL),(1217,6,19,19,19,19,'2017-07-22 19:12:56.369','2017-07-23 02:12:56.000','INTERNET',NULL,NULL,NULL,NULL),(1218,6,19,19,19,19,'2017-07-22 19:13:06.272','2017-07-23 02:13:06.000','INTERNET',NULL,NULL,NULL,NULL),(1219,6,19,19,19,19,'2017-07-22 19:16:46.455','2017-07-23 02:16:46.000','INTERNET',NULL,NULL,NULL,NULL),(1220,6,19,19,19,19,'2017-07-22 19:18:06.536','2017-07-23 02:18:06.000','INTERNET',NULL,NULL,NULL,NULL),(1221,6,19,19,19,19,'2017-07-22 19:18:16.342','2017-07-23 02:18:16.000','INTERNET',NULL,NULL,NULL,NULL),(1222,6,19,19,19,19,'2017-07-22 19:20:26.532','2017-07-23 02:20:26.000','INTERNET',NULL,NULL,NULL,NULL),(1223,6,26,26,26,26,'2017-07-22 19:21:46.495','2017-07-23 02:21:46.000','INTERNET',NULL,NULL,NULL,NULL),(1224,6,19,19,19,19,'2017-07-22 19:24:16.568','2017-07-23 02:24:16.000','INTERNET',NULL,NULL,NULL,NULL),(1225,6,19,19,19,19,'2017-07-22 19:26:36.544','2017-07-23 02:26:36.000','INTERNET',NULL,NULL,NULL,NULL),(1226,6,19,19,19,19,'2017-07-22 19:26:46.439','2017-07-23 02:26:46.000','INTERNET',NULL,NULL,NULL,NULL),(1227,6,29,29,29,29,'2017-07-22 19:31:46.635','2017-07-23 02:31:46.000','INTERNET',NULL,NULL,NULL,NULL),(1228,6,30,30,30,30,'2017-07-22 19:41:46.710','2017-07-23 02:41:46.000','INTERNET',NULL,NULL,NULL,NULL),(1229,6,19,19,19,19,'2017-07-22 19:43:16.735','2017-07-23 02:43:16.000','INTERNET',NULL,NULL,NULL,NULL),(1230,6,19,19,19,19,'2017-07-22 19:47:16.780','2017-07-23 02:47:16.000','INTERNET',NULL,NULL,NULL,NULL),(1231,6,19,19,19,19,'2017-07-22 19:47:36.802','2017-07-23 02:47:36.000','INTERNET',NULL,NULL,NULL,NULL),(1232,6,19,19,19,19,'2017-07-22 19:48:16.802','2017-07-23 02:48:16.000','INTERNET',NULL,NULL,NULL,NULL),(1233,6,19,19,19,19,'2017-07-22 19:49:16.687','2017-07-23 02:49:16.000','INTERNET',NULL,NULL,NULL,NULL),(1234,6,32,32,32,32,'2017-07-22 19:51:46.833','2017-07-23 02:51:46.000','INTERNET',NULL,NULL,NULL,NULL),(1235,6,19,19,19,19,'2017-07-22 19:55:56.915','2017-07-23 02:55:56.000','INTERNET',NULL,NULL,NULL,NULL),(1236,6,19,19,19,19,'2017-07-22 19:57:56.957','2017-07-23 02:57:56.000','INTERNET',NULL,NULL,NULL,NULL),(1237,6,19,19,19,19,'2017-07-22 20:00:26.992','2017-07-23 03:00:26.000','INTERNET',NULL,NULL,NULL,NULL),(1238,6,31,31,31,31,'2017-07-22 20:01:46.995','2017-07-23 03:01:46.000','INTERNET',NULL,NULL,NULL,NULL),(1239,6,19,19,19,19,'2017-07-22 20:04:16.989','2017-07-23 03:04:16.000','INTERNET',NULL,NULL,NULL,NULL),(1240,6,19,19,19,19,'2017-07-23 00:00:17.812','2017-07-23 07:00:17.000','INTERNET',NULL,NULL,NULL,NULL),(1241,6,38,38,38,38,'2017-07-23 00:04:07.706','2017-07-23 07:04:07.000','INTERNET',NULL,NULL,NULL,NULL),(1242,6,19,19,19,19,'2017-07-23 00:04:47.580','2017-07-23 07:04:47.000','INTERNET',NULL,NULL,NULL,NULL),(1243,6,19,19,19,19,'2017-07-23 00:07:07.833','2017-07-23 07:07:07.000','INTERNET',NULL,NULL,NULL,NULL),(1244,6,19,19,19,19,'2017-07-23 00:08:47.710','2017-07-23 07:08:47.000','INTERNET',NULL,NULL,NULL,NULL),(1245,6,19,19,19,19,'2017-07-23 00:12:27.744','2017-07-23 07:12:27.000','INTERNET',NULL,NULL,NULL,NULL),(1246,6,19,19,19,19,'2017-07-23 00:13:17.848','2017-07-23 07:13:17.000','INTERNET',NULL,NULL,NULL,NULL),(1247,6,25,25,25,25,'2017-07-23 00:14:07.768','2017-07-23 07:14:07.000','INTERNET',NULL,NULL,NULL,NULL),(1248,6,19,19,19,19,'2017-07-23 00:18:17.787','2017-07-23 07:18:17.000','INTERNET',NULL,NULL,NULL,NULL),(1249,6,19,19,19,19,'2017-07-23 00:18:57.777','2017-07-23 07:18:57.000','INTERNET',NULL,NULL,NULL,NULL),(1250,6,19,19,19,19,'2017-07-23 00:20:57.671','2017-07-23 07:20:57.000','INTERNET',NULL,NULL,NULL,NULL),(1251,6,23,23,23,23,'2017-07-23 00:24:07.785','2017-07-23 07:24:07.000','INTERNET',NULL,NULL,NULL,NULL),(1252,6,19,19,19,19,'2017-07-23 00:26:17.897','2017-07-23 07:26:17.000','INTERNET',NULL,NULL,NULL,NULL),(1253,6,19,19,19,19,'2017-07-23 00:27:17.777','2017-07-23 07:27:17.000','INTERNET',NULL,NULL,NULL,NULL),(1254,6,19,19,19,19,'2017-07-23 00:33:57.749','2017-07-23 07:33:57.000','INTERNET',NULL,NULL,NULL,NULL),(1255,6,25,25,25,25,'2017-07-23 00:34:07.701','2017-07-23 07:34:07.000','INTERNET',NULL,NULL,NULL,NULL),(1256,6,19,19,19,19,'2017-07-23 00:39:47.733','2017-07-23 07:39:47.000','INTERNET',NULL,NULL,NULL,NULL),(1257,6,19,19,19,19,'2017-07-23 00:40:27.733','2017-07-23 07:40:27.000','INTERNET',NULL,NULL,NULL,NULL),(1258,6,19,19,19,19,'2017-07-23 00:41:07.732','2017-07-23 07:41:07.000','INTERNET',NULL,NULL,NULL,NULL),(1259,6,19,19,19,19,'2017-07-23 00:41:57.960','2017-07-23 07:41:57.000','INTERNET',NULL,NULL,NULL,NULL),(1260,6,40,40,40,40,'2017-07-23 00:44:07.934','2017-07-23 07:44:07.000','INTERNET',NULL,NULL,NULL,NULL),(1261,6,19,19,19,19,'2017-07-23 00:44:37.855','2017-07-23 07:44:37.000','INTERNET',NULL,NULL,NULL,NULL),(1262,6,19,19,19,19,'2017-07-23 00:44:57.906','2017-07-23 07:44:57.000','INTERNET',NULL,NULL,NULL,NULL),(1263,6,19,19,19,19,'2017-07-23 00:45:57.874','2017-07-23 07:45:57.000','INTERNET',NULL,NULL,NULL,NULL),(1264,6,19,19,19,19,'2017-07-23 00:51:47.780','2017-07-23 07:51:47.000','INTERNET',NULL,NULL,NULL,NULL),(1265,6,19,19,19,19,'2017-07-23 00:53:17.890','2017-07-23 07:53:17.000','INTERNET',NULL,NULL,NULL,NULL),(1266,6,30,30,30,30,'2017-07-23 00:54:07.789','2017-07-23 07:54:07.000','INTERNET',NULL,NULL,NULL,NULL),(1267,6,19,19,19,19,'2017-07-23 00:56:37.901','2017-07-23 07:56:37.000','INTERNET',NULL,NULL,NULL,NULL),(1268,6,35,35,35,35,'2017-07-23 01:04:07.821','2017-07-23 08:04:07.000','INTERNET',NULL,NULL,NULL,NULL),(1269,6,19,19,19,19,'2017-07-23 01:08:37.952','2017-07-23 08:08:37.000','INTERNET',NULL,NULL,NULL,NULL),(1270,6,19,19,19,19,'2017-07-23 01:10:17.987','2017-07-23 08:10:17.000','INTERNET',NULL,NULL,NULL,NULL),(1271,6,19,19,19,19,'2017-07-23 01:14:07.857','2017-07-23 08:14:07.000','INTERNET',NULL,NULL,NULL,NULL),(1272,6,19,19,19,19,'2017-07-23 01:15:57.989','2017-07-23 08:15:57.000','INTERNET',NULL,NULL,NULL,NULL),(1273,6,19,19,19,19,'2017-07-23 01:16:48.003','2017-07-23 08:16:47.000','INTERNET',NULL,NULL,NULL,NULL),(1274,6,19,19,19,19,'2017-07-23 01:17:18.008','2017-07-23 08:17:18.000','INTERNET',NULL,NULL,NULL,NULL),(1275,6,19,19,19,19,'2017-07-23 01:20:37.881','2017-07-23 08:20:37.000','INTERNET',NULL,NULL,NULL,NULL),(1276,6,32,32,32,32,'2017-07-23 01:24:07.901','2017-07-23 08:24:07.000','INTERNET',NULL,NULL,NULL,NULL),(1277,6,19,19,19,19,'2017-07-23 01:32:48.059','2017-07-23 08:32:48.000','INTERNET',NULL,NULL,NULL,NULL),(1278,6,28,28,28,28,'2017-07-23 01:34:07.910','2017-07-23 08:34:07.000','INTERNET',NULL,NULL,NULL,NULL),(1279,6,19,19,19,19,'2017-07-23 01:36:48.057','2017-07-23 08:36:48.000','INTERNET',NULL,NULL,NULL,NULL),(1280,6,19,19,19,19,'2017-07-23 01:38:58.082','2017-07-23 08:38:58.000','INTERNET',NULL,NULL,NULL,NULL),(1281,6,19,19,19,19,'2017-07-23 01:42:28.085','2017-07-23 08:42:28.000','INTERNET',NULL,NULL,NULL,NULL),(1282,6,31,31,31,31,'2017-07-23 01:44:07.995','2017-07-23 08:44:07.000','INTERNET',NULL,NULL,NULL,NULL),(1283,6,19,19,19,19,'2017-07-23 01:47:38.159','2017-07-23 08:47:38.000','INTERNET',NULL,NULL,NULL,NULL),(1284,6,19,19,19,19,'2017-07-23 01:53:48.132','2017-07-23 08:53:48.000','INTERNET',NULL,NULL,NULL,NULL),(1285,6,27,27,27,27,'2017-07-23 01:54:08.172','2017-07-23 08:54:08.000','INTERNET',NULL,NULL,NULL,NULL),(1286,6,19,19,19,19,'2017-07-23 01:57:48.179','2017-07-23 08:57:48.000','INTERNET',NULL,NULL,NULL,NULL),(1287,6,19,19,19,19,'2017-07-23 02:01:58.185','2017-07-23 09:01:58.000','INTERNET',NULL,NULL,NULL,NULL),(1288,6,19,19,19,19,'2017-07-23 02:03:28.242','2017-07-23 09:03:28.000','INTERNET',NULL,NULL,NULL,NULL),(1289,6,32,32,32,32,'2017-07-23 02:04:08.087','2017-07-23 09:04:08.000','INTERNET',NULL,NULL,NULL,NULL),(1290,6,19,19,19,19,'2017-07-23 02:08:08.086','2017-07-23 09:08:08.000','INTERNET',NULL,NULL,NULL,NULL),(1291,6,19,19,19,19,'2017-07-23 02:13:28.216','2017-07-23 09:13:28.000','INTERNET',NULL,NULL,NULL,NULL),(1292,6,19,19,19,19,'2017-07-23 02:13:38.102','2017-07-23 09:13:38.000','INTERNET',NULL,NULL,NULL,NULL),(1293,6,40,40,40,40,'2017-07-23 02:14:08.210','2017-07-23 09:14:08.000','INTERNET',NULL,NULL,NULL,NULL),(1294,6,34,34,34,34,'2017-07-23 02:24:08.342','2017-07-23 09:24:08.000','INTERNET',NULL,NULL,NULL,NULL),(1295,6,19,19,19,19,'2017-07-23 02:24:48.303','2017-07-23 09:24:48.000','INTERNET',NULL,NULL,NULL,NULL),(1296,6,19,19,19,19,'2017-07-23 02:27:28.357','2017-07-23 09:27:28.000','INTERNET',NULL,NULL,NULL,NULL),(1297,6,19,19,19,19,'2017-07-23 02:29:48.350','2017-07-23 09:29:48.000','INTERNET',NULL,NULL,NULL,NULL),(1298,6,22,22,22,22,'2017-07-23 02:34:08.145','2017-07-23 09:34:08.000','INTERNET',NULL,NULL,NULL,NULL),(1299,6,19,19,19,19,'2017-07-23 02:36:48.345','2017-07-23 09:36:48.000','INTERNET',NULL,NULL,NULL,NULL),(1300,6,19,19,19,19,'2017-07-23 02:37:48.333','2017-07-23 09:37:48.000','INTERNET',NULL,NULL,NULL,NULL),(1301,6,19,19,19,19,'2017-07-23 02:41:18.217','2017-07-23 09:41:18.000','INTERNET',NULL,NULL,NULL,NULL),(1302,6,28,28,28,28,'2017-07-23 02:44:08.343','2017-07-23 09:44:08.000','INTERNET',NULL,NULL,NULL,NULL),(1303,6,19,19,19,19,'2017-07-23 02:48:58.443','2017-07-23 09:48:58.000','INTERNET',NULL,NULL,NULL,NULL),(1304,6,19,19,19,19,'2017-07-23 02:51:48.384','2017-07-23 09:51:48.000','INTERNET',NULL,NULL,NULL,NULL),(1305,6,19,19,19,19,'2017-07-23 02:52:08.381','2017-07-23 09:52:08.000','INTERNET',NULL,NULL,NULL,NULL),(1306,6,25,25,25,25,'2017-07-23 02:54:08.399','2017-07-23 09:54:08.000','INTERNET',NULL,NULL,NULL,NULL),(1307,6,19,19,19,19,'2017-07-23 02:54:18.258','2017-07-23 09:54:18.000','INTERNET',NULL,NULL,NULL,NULL),(1308,6,19,19,19,19,'2017-07-23 03:01:38.415','2017-07-23 10:01:38.000','INTERNET',NULL,NULL,NULL,NULL),(1309,6,19,19,19,19,'2017-07-23 03:04:08.454','2017-07-23 10:04:08.000','INTERNET',NULL,NULL,NULL,NULL),(1310,6,19,19,19,19,'2017-07-23 03:04:48.471','2017-07-23 10:04:48.000','INTERNET',NULL,NULL,NULL,NULL),(1311,6,19,19,19,19,'2017-07-23 03:13:18.470','2017-07-23 10:13:18.000','INTERNET',NULL,NULL,NULL,NULL),(1312,6,19,19,19,19,'2017-07-23 03:13:48.467','2017-07-23 10:13:48.000','INTERNET',NULL,NULL,NULL,NULL),(1313,6,27,27,27,27,'2017-07-23 03:14:08.466','2017-07-23 10:14:08.000','INTERNET',NULL,NULL,NULL,NULL),(1314,6,19,19,19,19,'2017-07-23 03:14:28.480','2017-07-23 10:14:28.000','INTERNET',NULL,NULL,NULL,NULL),(1315,6,19,19,19,19,'2017-07-23 03:18:28.619','2017-07-23 10:18:28.000','INTERNET',NULL,NULL,NULL,NULL),(1316,6,19,19,19,19,'2017-07-23 03:18:58.485','2017-07-23 10:18:58.000','INTERNET',NULL,NULL,NULL,NULL),(1317,6,31,31,31,31,'2017-07-23 03:24:08.388','2017-07-23 10:24:08.000','INTERNET',NULL,NULL,NULL,NULL),(1318,6,19,19,19,19,'2017-07-23 03:26:48.522','2017-07-23 10:26:48.000','INTERNET',NULL,NULL,NULL,NULL),(1319,6,19,19,19,19,'2017-07-23 03:26:58.400','2017-07-23 10:26:58.000','INTERNET',NULL,NULL,NULL,NULL),(1320,6,19,19,19,19,'2017-07-23 03:28:48.541','2017-07-23 10:28:48.000','INTERNET',NULL,NULL,NULL,NULL),(1321,6,19,19,19,19,'2017-07-23 03:30:08.557','2017-07-23 10:30:08.000','INTERNET',NULL,NULL,NULL,NULL),(1322,6,34,34,34,34,'2017-07-23 03:34:08.398','2017-07-23 10:34:08.000','INTERNET',NULL,NULL,NULL,NULL),(1323,6,19,19,19,19,'2017-07-23 03:37:48.567','2017-07-23 10:37:48.000','INTERNET',NULL,NULL,NULL,NULL),(1324,6,23,23,23,23,'2017-07-23 03:44:08.614','2017-07-23 10:44:08.000','INTERNET',NULL,NULL,NULL,NULL),(1325,6,19,19,19,19,'2017-07-23 03:44:38.590','2017-07-23 10:44:38.000','INTERNET',NULL,NULL,NULL,NULL),(1326,6,19,19,19,19,'2017-07-23 03:44:58.608','2017-07-23 10:44:58.000','INTERNET',NULL,NULL,NULL,NULL),(1327,6,19,19,19,19,'2017-07-23 03:51:08.651','2017-07-23 10:51:08.000','INTERNET',NULL,NULL,NULL,NULL),(1328,6,19,19,19,19,'2017-07-23 03:52:48.642','2017-07-23 10:52:48.000','INTERNET',NULL,NULL,NULL,NULL),(1329,6,26,26,26,26,'2017-07-23 03:54:08.615','2017-07-23 10:54:08.000','INTERNET',NULL,NULL,NULL,NULL),(1330,6,19,19,19,19,'2017-07-23 03:57:58.644','2017-07-23 10:57:58.000','INTERNET',NULL,NULL,NULL,NULL),(1331,6,19,19,19,19,'2017-07-23 03:58:58.655','2017-07-23 10:58:58.000','INTERNET',NULL,NULL,NULL,NULL),(1332,6,19,19,19,19,'2017-07-23 04:03:28.663','2017-07-23 11:03:28.000','INTERNET',NULL,NULL,NULL,NULL),(1333,6,20,20,20,20,'2017-07-23 04:04:08.676','2017-07-23 11:04:08.000','INTERNET',NULL,NULL,NULL,NULL),(1334,6,19,19,19,19,'2017-07-23 04:06:48.659','2017-07-23 11:06:48.000','INTERNET',NULL,NULL,NULL,NULL),(1335,6,19,19,19,19,'2017-07-23 04:11:38.588','2017-07-23 11:11:38.000','INTERNET',NULL,NULL,NULL,NULL),(1336,6,19,19,19,19,'2017-07-23 04:12:38.584','2017-07-23 11:12:38.000','INTERNET',NULL,NULL,NULL,NULL),(1337,6,40,40,40,40,'2017-07-23 04:14:08.717','2017-07-23 11:14:08.000','INTERNET',NULL,NULL,NULL,NULL),(1338,6,19,19,19,19,'2017-07-23 04:16:28.723','2017-07-23 11:16:28.000','INTERNET',NULL,NULL,NULL,NULL),(1339,6,19,19,19,19,'2017-07-23 04:20:48.736','2017-07-23 11:20:48.000','INTERNET',NULL,NULL,NULL,NULL),(1340,6,19,19,19,19,'2017-07-23 04:23:18.818','2017-07-23 11:23:18.000','INTERNET',NULL,NULL,NULL,NULL),(1341,6,36,36,36,36,'2017-07-23 04:24:08.743','2017-07-23 11:24:08.000','INTERNET',NULL,NULL,NULL,NULL),(1342,6,22,22,22,22,'2017-07-23 04:34:08.633','2017-07-23 11:34:08.000','INTERNET',NULL,NULL,NULL,NULL),(1343,6,19,19,19,19,'2017-07-23 04:34:48.694','2017-07-23 11:34:48.000','INTERNET',NULL,NULL,NULL,NULL),(1344,6,19,19,19,19,'2017-07-23 04:35:38.890','2017-07-23 11:35:38.000','INTERNET',NULL,NULL,NULL,NULL),(1345,6,19,19,19,19,'2017-07-23 04:36:28.715','2017-07-23 11:36:28.000','INTERNET',NULL,NULL,NULL,NULL),(1346,6,19,19,19,19,'2017-07-23 04:41:58.869','2017-07-23 11:41:58.000','INTERNET',NULL,NULL,NULL,NULL),(1347,6,23,23,23,23,'2017-07-23 04:44:08.857','2017-07-23 11:44:08.000','INTERNET',NULL,NULL,NULL,NULL),(1348,6,19,19,19,19,'2017-07-23 04:50:18.879','2017-07-23 11:50:18.000','INTERNET',NULL,NULL,NULL,NULL),(1349,6,19,19,19,19,'2017-07-23 04:50:58.832','2017-07-23 11:50:58.000','INTERNET',NULL,NULL,NULL,NULL),(1350,6,19,19,19,19,'2017-07-23 04:51:38.843','2017-07-23 11:51:38.000','INTERNET',NULL,NULL,NULL,NULL),(1351,6,37,37,37,37,'2017-07-23 04:54:08.947','2017-07-23 11:54:08.000','INTERNET',NULL,NULL,NULL,NULL),(1352,6,19,19,19,19,'2017-07-23 04:54:18.758','2017-07-23 11:54:18.000','INTERNET',NULL,NULL,NULL,NULL),(1353,6,19,19,19,19,'2017-07-23 05:00:48.923','2017-07-23 12:00:48.000','INTERNET',NULL,NULL,NULL,NULL),(1354,6,28,28,28,28,'2017-07-23 05:04:08.924','2017-07-23 12:04:08.000','INTERNET',NULL,NULL,NULL,NULL),(1355,6,19,19,19,19,'2017-07-23 05:07:58.935','2017-07-23 12:07:58.000','INTERNET',NULL,NULL,NULL,NULL),(1356,6,36,36,36,36,'2017-07-23 05:14:08.977','2017-07-23 12:14:08.000','INTERNET',NULL,NULL,NULL,NULL),(1357,6,19,19,19,19,'2017-07-23 05:16:28.960','2017-07-23 12:16:28.000','INTERNET',NULL,NULL,NULL,NULL),(1358,6,39,39,39,39,'2017-07-23 05:24:08.860','2017-07-23 12:24:08.000','INTERNET',NULL,NULL,NULL,NULL),(1359,6,19,19,19,19,'2017-07-23 05:25:09.004','2017-07-23 12:25:08.000','INTERNET',NULL,NULL,NULL,NULL),(1360,6,19,19,19,19,'2017-07-23 05:30:09.007','2017-07-23 12:30:09.000','INTERNET',NULL,NULL,NULL,NULL),(1361,6,19,19,19,19,'2017-07-23 05:32:48.899','2017-07-23 12:32:48.000','INTERNET',NULL,NULL,NULL,NULL),(1362,6,19,19,19,19,'2017-07-23 05:33:19.114','2017-07-23 12:33:19.000','INTERNET',NULL,NULL,NULL,NULL),(1363,6,36,36,36,36,'2017-07-23 05:34:09.085','2017-07-23 12:34:09.000','INTERNET',NULL,NULL,NULL,NULL),(1364,6,19,19,19,19,'2017-07-23 05:34:49.022','2017-07-23 12:34:49.000','INTERNET',NULL,NULL,NULL,NULL),(1365,6,19,19,19,19,'2017-07-23 05:36:18.990','2017-07-23 12:36:18.000','INTERNET',NULL,NULL,NULL,NULL),(1366,6,19,19,19,19,'2017-07-23 05:36:28.910','2017-07-23 12:36:28.000','INTERNET',NULL,NULL,NULL,NULL),(1367,6,19,19,19,19,'2017-07-23 05:42:59.105','2017-07-23 12:42:59.000','INTERNET',NULL,NULL,NULL,NULL),(1368,6,27,27,27,27,'2017-07-23 05:44:09.081','2017-07-23 12:44:09.000','INTERNET',NULL,NULL,NULL,NULL),(1369,6,19,19,19,19,'2017-07-23 05:46:39.066','2017-07-23 12:46:39.000','INTERNET',NULL,NULL,NULL,NULL),(1370,6,19,19,19,19,'2017-07-23 05:53:19.113','2017-07-23 12:53:19.000','INTERNET',NULL,NULL,NULL,NULL),(1371,6,25,25,25,25,'2017-07-23 05:54:09.130','2017-07-23 12:54:09.000','INTERNET',NULL,NULL,NULL,NULL),(1372,6,19,19,19,19,'2017-07-23 05:57:49.099','2017-07-23 12:57:49.000','INTERNET',NULL,NULL,NULL,NULL),(1373,6,23,23,23,23,'2017-07-23 06:04:09.140','2017-07-23 13:04:09.000','INTERNET',NULL,NULL,NULL,NULL),(1374,6,19,19,19,19,'2017-07-23 06:04:59.166','2017-07-23 13:04:59.000','INTERNET',NULL,NULL,NULL,NULL),(1375,6,19,19,19,19,'2017-07-23 06:11:29.171','2017-07-23 13:11:29.000','INTERNET',NULL,NULL,NULL,NULL),(1376,6,37,37,37,37,'2017-07-23 06:14:09.185','2017-07-23 13:14:09.000','INTERNET',NULL,NULL,NULL,NULL),(1377,6,19,19,19,19,'2017-07-23 06:15:59.207','2017-07-23 13:15:59.000','INTERNET',NULL,NULL,NULL,NULL),(1378,6,19,19,19,19,'2017-07-23 06:17:09.214','2017-07-23 13:17:09.000','INTERNET',NULL,NULL,NULL,NULL),(1379,6,19,19,19,19,'2017-07-23 06:17:19.096','2017-07-23 13:17:19.000','INTERNET',NULL,NULL,NULL,NULL),(1380,6,19,19,19,19,'2017-07-23 06:22:29.110','2017-07-23 13:22:29.000','INTERNET',NULL,NULL,NULL,NULL),(1381,6,40,40,40,40,'2017-07-23 06:24:09.286','2017-07-23 13:24:09.000','INTERNET',NULL,NULL,NULL,NULL),(1382,6,19,19,19,19,'2017-07-23 06:30:19.381','2017-07-23 13:30:19.000','INTERNET',NULL,NULL,NULL,NULL),(1383,6,34,34,34,34,'2017-07-23 06:34:09.352','2017-07-23 13:34:09.000','INTERNET',NULL,NULL,NULL,NULL),(1384,6,19,19,19,19,'2017-07-23 06:38:49.302','2017-07-23 13:38:49.000','INTERNET',NULL,NULL,NULL,NULL),(1385,6,23,23,23,23,'2017-07-23 06:44:09.338','2017-07-23 13:44:09.000','INTERNET',NULL,NULL,NULL,NULL),(1386,6,19,19,19,19,'2017-07-23 06:44:39.391','2017-07-23 13:44:39.000','INTERNET',NULL,NULL,NULL,NULL),(1387,6,19,19,19,19,'2017-07-23 06:46:49.439','2017-07-23 13:46:49.000','INTERNET',NULL,NULL,NULL,NULL),(1388,6,25,25,25,25,'2017-07-23 06:54:09.330','2017-07-23 13:54:09.000','INTERNET',NULL,NULL,NULL,NULL),(1389,6,19,19,19,19,'2017-07-23 06:58:09.393','2017-07-23 13:58:09.000','INTERNET',NULL,NULL,NULL,NULL),(1390,6,19,19,19,19,'2017-07-23 06:59:29.366','2017-07-23 13:59:29.000','INTERNET',NULL,NULL,NULL,NULL),(1391,6,27,27,27,27,'2017-07-23 07:04:09.385','2017-07-23 14:04:09.000','INTERNET',NULL,NULL,NULL,NULL),(1392,6,19,19,19,19,'2017-07-23 07:04:59.268','2017-07-23 14:04:59.000','INTERNET',NULL,NULL,NULL,NULL),(1393,6,19,19,19,19,'2017-07-23 07:06:29.403','2017-07-23 14:06:29.000','INTERNET',NULL,NULL,NULL,NULL),(1394,6,19,19,19,19,'2017-07-23 07:10:59.408','2017-07-23 14:10:59.000','INTERNET',NULL,NULL,NULL,NULL),(1395,6,19,19,19,19,'2017-07-23 07:11:19.473','2017-07-23 14:11:19.000','INTERNET',NULL,NULL,NULL,NULL),(1396,6,34,34,34,34,'2017-07-23 07:14:09.443','2017-07-23 14:14:09.000','INTERNET',NULL,NULL,NULL,NULL),(1397,6,19,19,19,19,'2017-07-23 07:21:09.357','2017-07-23 14:21:09.000','INTERNET',NULL,NULL,NULL,NULL),(1398,6,33,33,33,33,'2017-07-23 07:24:09.470','2017-07-23 14:24:09.000','INTERNET',NULL,NULL,NULL,NULL),(1399,6,19,19,19,19,'2017-07-23 07:29:59.371','2017-07-23 14:29:59.000','INTERNET',NULL,NULL,NULL,NULL),(1400,6,19,19,19,19,'2017-07-23 07:31:49.426','2017-07-23 14:31:49.000','INTERNET',NULL,NULL,NULL,NULL),(1401,6,19,19,19,19,'2017-07-23 07:32:09.523','2017-07-23 14:32:09.000','INTERNET',NULL,NULL,NULL,NULL),(1402,6,19,19,19,19,'2017-07-23 07:32:39.508','2017-07-23 14:32:39.000','INTERNET',NULL,NULL,NULL,NULL),(1403,6,35,35,35,35,'2017-07-23 07:34:09.556','2017-07-23 14:34:09.000','INTERNET',NULL,NULL,NULL,NULL),(1404,6,19,19,19,19,'2017-07-23 07:34:39.523','2017-07-23 14:34:39.000','INTERNET',NULL,NULL,NULL,NULL),(1405,6,19,19,19,19,'2017-07-23 07:40:29.579','2017-07-23 14:40:29.000','INTERNET',NULL,NULL,NULL,NULL),(1406,6,22,22,22,22,'2017-07-23 07:44:09.639','2017-07-23 14:44:09.000','INTERNET',NULL,NULL,NULL,NULL),(1407,6,19,19,19,19,'2017-07-23 07:46:09.434','2017-07-23 14:46:09.000','INTERNET',NULL,NULL,NULL,NULL),(1408,6,19,19,19,19,'2017-07-23 07:47:19.566','2017-07-23 14:47:19.000','INTERNET',NULL,NULL,NULL,NULL),(1409,6,19,19,19,19,'2017-07-23 07:48:59.464','2017-07-23 14:48:59.000','INTERNET',NULL,NULL,NULL,NULL),(1410,6,19,19,19,19,'2017-07-23 07:50:49.646','2017-07-23 14:50:49.000','INTERNET',NULL,NULL,NULL,NULL),(1411,6,38,38,38,38,'2017-07-23 07:54:09.641','2017-07-23 14:54:09.000','INTERNET',NULL,NULL,NULL,NULL),(1412,6,19,19,19,19,'2017-07-23 07:59:09.629','2017-07-23 14:59:09.000','INTERNET',NULL,NULL,NULL,NULL),(1413,6,19,19,19,19,'2017-07-23 08:00:19.615','2017-07-23 15:00:19.000','INTERNET',NULL,NULL,NULL,NULL),(1414,6,19,19,19,19,'2017-07-23 08:00:49.602','2017-07-23 15:00:49.000','INTERNET',NULL,NULL,NULL,NULL),(1415,6,32,32,32,32,'2017-07-23 08:04:09.636','2017-07-23 15:04:09.000','INTERNET',NULL,NULL,NULL,NULL),(1416,6,19,19,19,19,'2017-07-23 08:04:59.670','2017-07-23 15:04:59.000','INTERNET',NULL,NULL,NULL,NULL),(1417,6,19,19,19,19,'2017-07-23 08:06:59.565','2017-07-23 15:06:59.000','INTERNET',NULL,NULL,NULL,NULL),(1418,6,19,19,19,19,'2017-07-23 08:07:59.648','2017-07-23 15:07:59.000','INTERNET',NULL,NULL,NULL,NULL),(1419,6,19,19,19,19,'2017-07-23 08:08:09.569','2017-07-23 15:08:09.000','INTERNET',NULL,NULL,NULL,NULL),(1420,6,19,19,19,19,'2017-07-23 08:10:49.741','2017-07-23 15:10:49.000','INTERNET',NULL,NULL,NULL,NULL),(1421,6,19,19,19,19,'2017-07-23 08:13:19.723','2017-07-23 15:13:19.000','INTERNET',NULL,NULL,NULL,NULL),(1422,6,20,20,20,20,'2017-07-23 08:14:09.695','2017-07-23 15:14:09.000','INTERNET',NULL,NULL,NULL,NULL),(1423,6,19,19,19,19,'2017-07-23 08:22:49.743','2017-07-23 15:22:49.000','INTERNET',NULL,NULL,NULL,NULL),(1424,6,19,19,19,19,'2017-07-23 08:23:59.740','2017-07-23 15:23:59.000','INTERNET',NULL,NULL,NULL,NULL),(1425,6,37,37,37,37,'2017-07-23 08:24:09.649','2017-07-23 15:24:09.000','INTERNET',NULL,NULL,NULL,NULL),(1426,6,19,19,19,19,'2017-07-23 08:25:29.753','2017-07-23 15:25:29.000','INTERNET',NULL,NULL,NULL,NULL),(1427,6,19,19,19,19,'2017-07-23 08:28:29.768','2017-07-23 15:28:29.000','INTERNET',NULL,NULL,NULL,NULL),(1428,6,19,19,19,19,'2017-07-23 08:29:29.785','2017-07-23 15:29:29.000','INTERNET',NULL,NULL,NULL,NULL),(1429,6,19,19,19,19,'2017-07-23 08:30:19.653','2017-07-23 15:30:19.000','INTERNET',NULL,NULL,NULL,NULL),(1430,6,19,19,19,19,'2017-07-23 08:31:39.752','2017-07-23 15:31:39.000','INTERNET',NULL,NULL,NULL,NULL),(1431,6,23,23,23,23,'2017-07-23 08:34:09.771','2017-07-23 15:34:09.000','INTERNET',NULL,NULL,NULL,NULL),(1432,6,24,24,24,24,'2017-07-23 08:44:09.865','2017-07-23 15:44:09.000','INTERNET',NULL,NULL,NULL,NULL),(1433,6,19,19,19,19,'2017-07-23 08:45:29.886','2017-07-23 15:45:29.000','INTERNET',NULL,NULL,NULL,NULL),(1434,6,19,19,19,19,'2017-07-23 08:49:19.875','2017-07-23 15:49:19.000','INTERNET',NULL,NULL,NULL,NULL),(1435,6,19,19,19,19,'2017-07-23 08:53:19.883','2017-07-23 15:53:19.000','INTERNET',NULL,NULL,NULL,NULL),(1436,6,37,37,37,37,'2017-07-23 08:54:09.954','2017-07-23 15:54:09.000','INTERNET',NULL,NULL,NULL,NULL),(1437,6,19,19,19,19,'2017-07-23 08:54:59.895','2017-07-23 15:54:59.000','INTERNET',NULL,NULL,NULL,NULL),(1438,6,19,19,19,19,'2017-07-23 09:02:29.909','2017-07-23 16:02:29.000','INTERNET',NULL,NULL,NULL,NULL),(1439,6,21,21,21,21,'2017-07-23 09:04:09.791','2017-07-23 16:04:09.000','INTERNET',NULL,NULL,NULL,NULL),(1440,6,19,19,19,19,'2017-07-23 09:06:39.948','2017-07-23 16:06:39.000','INTERNET',NULL,NULL,NULL,NULL),(1441,6,19,19,19,19,'2017-07-23 09:07:29.806','2017-07-23 16:07:29.000','INTERNET',NULL,NULL,NULL,NULL),(1442,6,19,19,19,19,'2017-07-23 09:07:39.786','2017-07-23 16:07:39.000','INTERNET',NULL,NULL,NULL,NULL),(1443,6,35,35,35,35,'2017-07-23 09:14:09.850','2017-07-23 16:14:09.000','INTERNET',NULL,NULL,NULL,NULL),(1444,6,19,19,19,19,'2017-07-23 09:17:00.023','2017-07-23 16:17:00.000','INTERNET',NULL,NULL,NULL,NULL),(1445,6,19,19,19,19,'2017-07-23 09:18:40.055','2017-07-23 16:18:40.000','INTERNET',NULL,NULL,NULL,NULL),(1446,6,19,19,19,19,'2017-07-23 09:21:09.952','2017-07-23 16:21:09.000','INTERNET',NULL,NULL,NULL,NULL),(1447,6,32,32,32,32,'2017-07-23 09:24:10.043','2017-07-23 16:24:10.000','INTERNET',NULL,NULL,NULL,NULL),(1448,6,19,19,19,19,'2017-07-23 09:31:50.050','2017-07-23 16:31:50.000','INTERNET',NULL,NULL,NULL,NULL),(1449,6,27,27,27,27,'2017-07-23 09:34:10.037','2017-07-23 16:34:10.000','INTERNET',NULL,NULL,NULL,NULL),(1450,6,19,19,19,19,'2017-07-23 09:34:40.048','2017-07-23 16:34:40.000','INTERNET',NULL,NULL,NULL,NULL),(1451,6,19,19,19,19,'2017-07-23 09:37:59.932','2017-07-23 16:37:59.000','INTERNET',NULL,NULL,NULL,NULL),(1452,6,19,19,19,19,'2017-07-23 09:38:50.082','2017-07-23 16:38:50.000','INTERNET',NULL,NULL,NULL,NULL),(1453,6,19,19,19,19,'2017-07-23 09:41:10.123','2017-07-23 16:41:10.000','INTERNET',NULL,NULL,NULL,NULL),(1454,6,19,19,19,19,'2017-07-23 09:42:40.099','2017-07-23 16:42:40.000','INTERNET',NULL,NULL,NULL,NULL),(1455,6,19,19,19,19,'2017-07-23 09:43:50.089','2017-07-23 16:43:50.000','INTERNET',NULL,NULL,NULL,NULL),(1456,6,20,20,20,20,'2017-07-23 09:44:10.108','2017-07-23 16:44:10.000','INTERNET',NULL,NULL,NULL,NULL),(1457,6,19,19,19,19,'2017-07-23 09:48:00.101','2017-07-23 16:48:00.000','INTERNET',NULL,NULL,NULL,NULL),(1458,6,19,19,19,19,'2017-07-23 09:52:50.137','2017-07-23 16:52:50.000','INTERNET',NULL,NULL,NULL,NULL),(1459,6,25,25,25,25,'2017-07-23 09:54:10.116','2017-07-23 16:54:10.000','INTERNET',NULL,NULL,NULL,NULL),(1460,6,19,19,19,19,'2017-07-23 09:56:50.128','2017-07-23 16:56:50.000','INTERNET',NULL,NULL,NULL,NULL),(1461,6,19,19,19,19,'2017-07-23 09:57:40.176','2017-07-23 16:57:40.000','INTERNET',NULL,NULL,NULL,NULL),(1462,6,19,19,19,19,'2017-07-23 09:58:20.273','2017-07-23 16:58:20.000','INTERNET',NULL,NULL,NULL,NULL),(1463,6,19,19,19,19,'2017-07-23 09:58:30.029','2017-07-23 16:58:30.000','INTERNET',NULL,NULL,NULL,NULL),(1464,6,19,19,19,19,'2017-07-23 10:02:20.157','2017-07-23 17:02:20.000','INTERNET',NULL,NULL,NULL,NULL),(1465,6,19,19,19,19,'2017-07-23 10:03:10.244','2017-07-23 17:03:10.000','INTERNET',NULL,NULL,NULL,NULL),(1466,6,19,19,19,19,'2017-07-23 10:03:50.058','2017-07-23 17:03:50.000','INTERNET',NULL,NULL,NULL,NULL),(1467,6,27,27,27,27,'2017-07-23 10:04:10.170','2017-07-23 17:04:10.000','INTERNET',NULL,NULL,NULL,NULL),(1468,6,19,19,19,19,'2017-07-23 10:06:00.177','2017-07-23 17:06:00.000','INTERNET',NULL,NULL,NULL,NULL),(1469,6,19,19,19,19,'2017-07-23 10:07:50.072','2017-07-23 17:07:50.000','INTERNET',NULL,NULL,NULL,NULL),(1470,6,32,32,32,32,'2017-07-23 10:14:10.242','2017-07-23 17:14:10.000','INTERNET',NULL,NULL,NULL,NULL),(1471,6,19,19,19,19,'2017-07-23 10:17:50.230','2017-07-23 17:17:50.000','INTERNET',NULL,NULL,NULL,NULL),(1472,6,19,19,19,19,'2017-07-23 10:20:30.094','2017-07-23 17:20:30.000','INTERNET',NULL,NULL,NULL,NULL),(1473,6,19,19,19,19,'2017-07-23 10:20:50.225','2017-07-23 17:20:50.000','INTERNET',NULL,NULL,NULL,NULL),(1474,6,40,40,40,40,'2017-07-23 10:24:10.255','2017-07-23 17:24:10.000','INTERNET',NULL,NULL,NULL,NULL),(1475,6,19,19,19,19,'2017-07-23 10:25:00.265','2017-07-23 17:25:00.000','INTERNET',NULL,NULL,NULL,NULL),(1476,6,19,19,19,19,'2017-07-23 10:26:50.253','2017-07-23 17:26:50.000','INTERNET',NULL,NULL,NULL,NULL),(1477,6,19,19,19,19,'2017-07-23 10:29:20.272','2017-07-23 17:29:20.000','INTERNET',NULL,NULL,NULL,NULL),(1478,6,19,19,19,19,'2017-07-23 10:31:10.269','2017-07-23 17:31:10.000','INTERNET',NULL,NULL,NULL,NULL),(1479,6,26,26,26,26,'2017-07-23 10:34:10.282','2017-07-23 17:34:10.000','INTERNET',NULL,NULL,NULL,NULL),(1480,6,19,19,19,19,'2017-07-23 10:35:20.343','2017-07-23 17:35:20.000','INTERNET',NULL,NULL,NULL,NULL),(1481,6,19,19,19,19,'2017-07-23 10:35:30.134','2017-07-23 17:35:30.000','INTERNET',NULL,NULL,NULL,NULL),(1482,6,19,19,19,19,'2017-07-23 10:39:10.343','2017-07-23 17:39:10.000','INTERNET',NULL,NULL,NULL,NULL),(1483,6,19,19,19,19,'2017-07-23 10:40:30.301','2017-07-23 17:40:30.000','INTERNET',NULL,NULL,NULL,NULL),(1484,6,19,19,19,19,'2017-07-23 10:40:40.190','2017-07-23 17:40:40.000','INTERNET',NULL,NULL,NULL,NULL),(1485,6,19,19,19,19,'2017-07-23 10:42:50.399','2017-07-23 17:42:50.000','INTERNET',NULL,NULL,NULL,NULL),(1486,6,26,26,26,26,'2017-07-23 10:44:10.453','2017-07-23 17:44:10.000','INTERNET',NULL,NULL,NULL,NULL),(1487,6,19,19,19,19,'2017-07-23 10:46:40.206','2017-07-23 17:46:40.000','INTERNET',NULL,NULL,NULL,NULL),(1488,6,19,19,19,19,'2017-07-23 10:49:00.404','2017-07-23 17:49:00.000','INTERNET',NULL,NULL,NULL,NULL),(1489,6,19,19,19,19,'2017-07-23 10:49:10.227','2017-07-23 17:49:10.000','INTERNET',NULL,NULL,NULL,NULL),(1490,6,29,29,29,29,'2017-07-23 10:54:10.380','2017-07-23 17:54:10.000','INTERNET',NULL,NULL,NULL,NULL);
/*!40000 ALTER TABLE `sensor_data` ENABLE KEYS */;
UNLOCK TABLES;

--
-- Table structure for table `sensor_group`
--

DROP TABLE IF EXISTS `sensor_group`;
/*!40101 SET @saved_cs_client     = @@character_set_client */;
/*!40101 SET character_set_client = utf8 */;
CREATE TABLE `sensor_group` (
  `id` int(11) unsigned NOT NULL AUTO_INCREMENT,
  `user_id` int(11) unsigned NOT NULL,
  `group_name` varchar(512) NOT NULL,
  `description` text,
  `latitude` varchar(25) DEFAULT NULL,
  `longitude` varchar(25) DEFAULT NULL,
  PRIMARY KEY (`id`),
  KEY `user_id` (`user_id`),
  CONSTRAINT `FK_sensor_group_users` FOREIGN KEY (`user_id`) REFERENCES `users` (`id`) ON UPDATE CASCADE
) ENGINE=InnoDB AUTO_INCREMENT=9 DEFAULT CHARSET=latin1;
/*!40101 SET character_set_client = @saved_cs_client */;

--
-- Dumping data for table `sensor_group`
--

LOCK TABLES `sensor_group` WRITE;
/*!40000 ALTER TABLE `sensor_group` DISABLE KEYS */;
INSERT INTO `sensor_group` VALUES (2,4,'MCS Cluster 1','Menangani sensor-sensor yang berada di labolatorium KBJ','-7.2842602','112.7936239'),(3,4,'MCS Cluster 2','Group sensor for home','-6.767898','107.424316'),(4,4,'MCS Cluster 3','Uji Coba Mendaftarkan Kelompok Baru',NULL,NULL),(5,5,'River Wonokromo 1','',NULL,NULL),(6,5,'Group New','Group new sensor group',NULL,NULL),(7,4,'cluster nasdec','',NULL,NULL),(8,4,'Kolam Riset Centre','Pengamatan di kolam Riset Center',NULL,NULL);
/*!40000 ALTER TABLE `sensor_group` ENABLE KEYS */;
UNLOCK TABLES;

--
-- Table structure for table `users`
--

DROP TABLE IF EXISTS `users`;
/*!40101 SET @saved_cs_client     = @@character_set_client */;
/*!40101 SET character_set_client = utf8 */;
CREATE TABLE `users` (
  `id` int(11) unsigned NOT NULL AUTO_INCREMENT,
  `ip_address` varchar(45) NOT NULL,
  `username` varchar(100) DEFAULT NULL,
  `password` varchar(255) NOT NULL,
  `salt` varchar(255) DEFAULT NULL,
  `api_key` varchar(512) NOT NULL,
  `email` varchar(100) NOT NULL,
  `activation_code` varchar(40) DEFAULT NULL,
  `forgotten_password_code` varchar(40) DEFAULT NULL,
  `forgotten_password_time` int(11) unsigned DEFAULT NULL,
  `remember_code` varchar(40) DEFAULT NULL,
  `created_on` int(11) unsigned NOT NULL,
  `last_login` int(11) unsigned DEFAULT NULL,
  `active` tinyint(1) unsigned DEFAULT NULL,
  `first_name` varchar(50) DEFAULT NULL,
  `last_name` varchar(50) DEFAULT NULL,
  `sensor_limit` int(5) DEFAULT NULL,
  PRIMARY KEY (`id`)
) ENGINE=InnoDB AUTO_INCREMENT=6 DEFAULT CHARSET=utf8;
/*!40101 SET character_set_client = @saved_cs_client */;

--
-- Dumping data for table `users`
--

LOCK TABLES `users` WRITE;
/*!40000 ALTER TABLE `users` DISABLE KEYS */;
INSERT INTO `users` VALUES (1,'127.0.0.1','administrator','$2a$07$SeBknntpZror9uyftVopmu61qg0ms8Qv1yV6FG.kQOSM.9QhmTo36','','','admin@admin.com','',NULL,NULL,NULL,1268889823,1268889823,1,'Admin','istrator',NULL),(4,'::1','divijaya','$2y$08$8sMcwORUz9ZQ7m2XMd44SuoJ7pVs8y5MbkdbqKMkFdu120zTXyCjy',NULL,'','vaanff_12@yahoo.co.id',NULL,NULL,NULL,NULL,1478684393,1551163054,1,NULL,NULL,NULL),(5,'202.46.129.70','meteorologi1','$2y$08$ZV96YDWOSC0a/2PGCOXJhOArLGqO8cuDnKCpwGip2TOOmWBfovQhS',NULL,'','meteorologi1@gmail.com',NULL,NULL,NULL,NULL,1497248568,1497791255,1,NULL,NULL,NULL);
/*!40000 ALTER TABLE `users` ENABLE KEYS */;
UNLOCK TABLES;
/*!40103 SET TIME_ZONE=@OLD_TIME_ZONE */;

/*!40101 SET SQL_MODE=@OLD_SQL_MODE */;
/*!40014 SET FOREIGN_KEY_CHECKS=@OLD_FOREIGN_KEY_CHECKS */;
/*!40014 SET UNIQUE_CHECKS=@OLD_UNIQUE_CHECKS */;
/*!40101 SET CHARACTER_SET_CLIENT=@OLD_CHARACTER_SET_CLIENT */;
/*!40101 SET CHARACTER_SET_RESULTS=@OLD_CHARACTER_SET_RESULTS */;
/*!40101 SET COLLATION_CONNECTION=@OLD_COLLATION_CONNECTION */;
/*!40111 SET SQL_NOTES=@OLD_SQL_NOTES */;

-- Dump completed on 2019-09-09  8:17:57
